Episode,Story Code,Story,Severity,Shotcodes,Problem,Correction,Source
101,447,Air France Flight 447,FIX,CTD_AI_447_WindshieldCloud01; CTD_AI_447_WindshieldCloud02; CTD_AI_447_PitotTubes; CTD_AI_447_NoseUpward01; CTD_AI_447_NoseUpward02; CTD_AI_447_Nose12Degrees02; CTD_AI_447_PlaneClimbing; CTD_AI_447_PlanePlummets01,"Eight briefs call for visible hail striking the windshield, pitot probes and airframe.","The BEA found the probes were obstructed by high-altitude ice crystals in a cumulonimbus anvil at FL350 — no hail; render fine ice crystals streaming past, not bouncing hailstones.","BEA, Final Report on F-GZCP, 2012"
101,447,Air France Flight 447,FIX,CTD_AI_447_PlaneFalls01; CTD_AI_447_PlanePlummets01; CTD_AI_447_PlanePlummets02,Exterior briefs show the A330 falling tail-first out of the sky.,"The aircraft stayed nose-up at roughly 15–16° and mushed down flat/belly-first at about 10,900 ft/min for the whole 3.5-minute descent.","BEA Final Report, 2012"
101,447,Air France Flight 447,FIX,CTD_AI_447_Realization01,Brief has Captain Dubois grab the control from Bonin and push it forward.,Dubois re-entered at 02:11:43 and stood behind the two co-pilots for the rest of the flight; he never took the controls.,"BEA Final Report, 2012"
101,447,Air France Flight 447,FIX,CTD_AI_447_CabinPanic01; CTD_AI_447_CabinPanic04,Cabin briefs specify the plane at a 45° angle with passengers pressed into their seats.,"Pitch was about 15–16° nose-up at roughly 1g, so the floor should tilt only slightly, not steeply.","BEA Final Report, 2012"
101,447,Air France Flight 447,FIX,CTD_AI_447_ThreePilots01,Establishing cockpit shot is slugged with the sun setting outside.,"AF447 left Rio at 19:29 local, roughly two hours after sunset — the entire flight was in darkness.","BEA Final Report, 2012"
101,447,Air France Flight 447,FIX,CTD_AI_447_ThrottleBackandForth01; CTD_AI_447_ThrottleBackandForth02,"The beat is about two pilots working engine thrust against each other, but the briefs stage it on the side-sticks.","Thrust is set on a single shared pair of levers on the centre pedestal — one pilot pulls to idle, the other pushes up six seconds later.","BEA Final Report, 2012"
101,FDN,Fukushima Nuclear Disaster,FIX,CTD_AI_FDN_Reactor2Explosion01,"Brief calls for reactor building 2 to explode, camera engulfed in smoke.","Unit 2 never had a hydrogen explosion — its building stayed standing because the blowout panel had already opened; only units 1, 3 and 4 blew up.",IAEA / World Nuclear Association Fukushima record
101,FDN,Fukushima Nuclear Disaster,FIX,CTD_AI_FDN_TankDump01; CTD_AI_FDN_TankDump02; CTD_AI_FDN_TankDump03,Three briefs show a tanker truck backing onto a dock and dumping tank water into the sea.,ALPS-treated water is diluted and released through a piped undersea tunnel about 1 km offshore; no tanker trucks are involved.,"TEPCO / WNA, 2023"
101,FDN,Fukushima Nuclear Disaster,FIX,CTD_AI_FDN_CoreMelting01; CTD_AI_FDN_CoreMelting02; CTD_AI_FDN_MeltdownWarning,"Briefs put workers with flashlights inside the reactor, around the core, reading a flashing MELTDOWN indicator.","The fuel is sealed inside the pressure vessel and physically unreachable; crews tracked surviving readings from the blacked-out control room, and no meltdown warning display exists.","Japanese Government / IAEA reports, 2011–15"
101,FDN,Fukushima Nuclear Disaster,FIX,CTD_AI_FDN_NoWater01; CTD_AI_FDN_NoWater02; CTD_AI_FDN_CoreMelting03,"Gauges are specified reading 5,000 Fahrenheit (one brief 500–1,200 with no unit).","Japanese plant instrumentation reads Celsius — fuel melting shows as roughly 2,800 °C, and the same scale must be used across the sequence.","TEPCO plant documentation; UO₂ melting point ~2,800 °C"
101,FDN,Fukushima Nuclear Disaster,VERIFY,CTD_AI_FDN_RunningOut01; CTD_AI_FDN_RunningOut02; CTD_AI_FDN_RunningOut03,"Briefs show firefighters hosing water onto reactor 1 until the hose runs dry, pegged to 7:30 PM.","Fire engines pumped through the plant's fire-protection line rather than spraying the building, and not until the early hours of 12 March.",TEPCO / IAEA timeline
101,FDN,Fukushima Nuclear Disaster,VERIFY,CTD_AI_FDN_WorkersGather01; CTD_AI_FDN_WorkersGather02,Briefs stage a hall of about 250 suited workers being told to evacuate.,On 15 March roughly 650–750 workers withdrew to Daini leaving about 50–70 behind — check the 250 figure.,"NAIIC / TEPCO accounts, 15 March 2011"
101,HIN,Hindenburg,FIX,CTD_AI_HIN_ApproachingNYC02,The approach to Lakehurst is briefed as a sunny day.,"6 May 1937 was overcast with thunderstorms and light rain at 7:25 PM — grey, rain-washed dusk. As briefed it also contradicts StormClouds and WeatherReport.","US Dept of Commerce inquiry, 1937"
101,HIN,Hindenburg,FIX,CTD_AI_HIN_BracingWire02,"Brief asks for a 'hydrogen/helium pouch' rip, and expert beats say the spark ignited the helium.",All sixteen gas cells held hydrogen — the US helium embargo meant she never carried helium. Shot and script line must both say hydrogen.,Smithsonian National Air and Space Museum
101,HIN,Hindenburg,VERIFY,CTD_AI_HIN_CaptainPOV,Brief puts the airship 300–400 ft up with ground crews already hauling on the ropes.,Sources put her at 180–295 ft when forward lines dropped at 7:21 PM and near 200 ft at 7:25 PM — 300–400 ft is at or above the highest figure.,"Airships.net; Commerce Dept board of inquiry, 1937"
101,HIN,Hindenburg,VERIFY,CTD_AI_HIN_CaptainPOV,Same brief has the zeppelin burst into flames directly above the captain.,"First flames appeared at the stern near gas cells 4 and 5, roughly 500 ft aft of the control car; the control-car crew felt a shudder rather than seeing fire overhead.","Witness testimony, 1937 inquiry"
101,TXC,Texas City Disaster,FIX,CTD_AI_TXC_BlowPortWindows,"Brief shows the ship's port windows blowing out with orange smoke, in CU on several portholes.",At about 9:00 AM the steel hatch cover over Hold 4 was blown off and a column of yellow-orange nitrogen-dioxide smoke rose from the open hold — the portholes were not the vent.,"Handbook of Texas / Britannica, 1947"
101,TXC,Texas City Disaster,FIX,CTD_AI_TXC_Explosion01,Brief names the ship 'SS Grand Camp' as two words.,"She was the SS Grandcamp, one word — a French-flag Liberty ship, so hull lettering reads GRANDCAMP under the French ensign.",Handbook of Texas
101,TXC,Texas City Disaster,VERIFY,CTD_AI_TXC_Baseball01; CTD_AI_TXC_Baseball02,Briefs stage a casual kids' pickup baseball game at the moment of the blast.,"The Grandcamp blew up at 9:12 AM on Wednesday 16 April 1947, a school-day morning — confirm the witness account before generating children at leisure.",Handbook of Texas / Britannica
101,TXC,Texas City Disaster,VERIFY,CTD_AI_TXC_FightingFire01; CTD_AI_TXC_FightingFire02,Briefs show a bucket brigade passing water down a line of workers in the hold.,Accounts describe a single gallon jug and two fire extinguishers before the captain stopped water being used on the cargo — a bucket brigade is not in the record.,"Contemporaneous accounts, 1947"
101,MSH,Mount St. Helens Eruption,FIX,CTD_AI_MSH_ResearchStationPOV,The 27 March eruption shot is briefed with 'less snow than in ref pic'.,On 27 March 1980 the cone carried its full winter snowpack — more snow than the mid-May reference — blackened by ash around a new 250-ft crater.,"USGS, 1980"
101,MSH,Mount St. Helens Eruption,VERIFY,CTD_AI_MSH_ResearchStationPOV,Brief frames the 27 March eruption as a POV from the research station.,"Coldwater II was not occupied until roughly 1 May 1980, so a March view from that post is anachronistic.",USGS Cascades Volcano Observatory
101,MSH,Mount St. Helens Eruption,VERIFY,CTD_AI_MSH_DJCampDestruction01; CTD_AI_MSH_ScorchingDebris01; CTD_AI_MSH_ScorchingDebris02; CTD_AI_MSH_ScorchingDebris03,Briefs repeatedly describe Johnston's 'camp' on the ridge.,Coldwater II was a USGS observation post — a trailer and a vehicle — not a tent camp.,"USGS, Legacy of David A. Johnston"
101,MSH,Mount St. Helens Eruption,VERIFY,CTD_AI_MSH_BulgeSlide01; CTD_AI_MSH_BulgeSlide02; CTD_AI_MSH_BulgeSlide03; CTD_AI_MSH_BulgeSlide04,The bulge sequence builds slowly through spreading cracks and ends on ground opening to reveal an orange glow deep down.,The north flank failed within seconds of the 08:32 M5.1 quake as three grey debris-avalanche blocks; the exposed cryptodome was solidifying dacite — no incandescent orange magma.,"USGS, 1980 cataclysmic eruption"
101,MSH,Mount St. Helens Eruption,VERIFY,CTD_AI_MSH_DJCampDestruction03; CTD_AI_MSH_DJCampDestruction05,"Briefs show Johnston shielding himself, falling, then crawling away before succumbing.",The lateral blast crossed 6 miles in about a minute at hundreds of mph and swept the post away instantly — a protracted struggle is speculative.,USGS Cascades Volcano Observatory
101,CHF,China Floods,FIX,CTD_AI_CHF_HeavyRain; CTD_AI_CHF_StormHits; CTD_AI_CHF_CycloneVillage; CTD_AI_CHF_WinterVillage,Four briefs specify a 1930s 'western Chinese' village.,"The 1931 flood was a central and eastern China disaster — Hubei, Hunan, Jiangxi, Anhui, Jiangsu along the middle and lower Yangzi. Architecture, landscape and dress should be middle-Yangzi central China.","Courtney, The Nature of Disaster in China, 2018"
101,CHF,China Floods,STYLE,CTD_AI_CHF_MeltingSnow02; CTD_AI_CHF_MeltingSnow03,"Both snowmelt briefs are slugged 'Winter, mountains' while the beat is explicitly the arrival of spring.","Slug as spring thaw — softening snowpack, bare rock, swelling meltwater — to match MeltingSnow01 and the beat.",Internal continuity with script beat
101,CHF,China Floods,VERIFY,CTD_AI_CHF_WallOfWater; CTD_AI_CHF_DikeBreaking,"Neither Wuhan flood brief specifies a time of day, so the artist may render the wall of water in full daylight.",The dike failed just before 6:00 AM on 27 July 1931 — first-light shots.,"Courtney, 2018"
101,CHF,China Floods,VERIFY,CTD_AI_CHF_WallOfWater,The sequence is built on tens of thousands drowning instantly when the water reached Wuhan.,Scholarship stresses relatively few Wuhan residents drowned in the initial inundation; most of the ~2 million deaths came from disease and starvation over following months.,"Courtney, 2018"
102,OTI,OceanGate Titan Implosion,FIX,CTD_AI_OTI_TITANIC_SINKS1,Brief calls for 'a few full lifeboats visible nearby' as Titanic makes its final plunge.,Titanic's boats left well under capacity (No. 1 carried 12 of 40) and had pulled well clear — any boats in frame should be partly empty and distant.,"British Wreck Commissioner's Inquiry, 1912"
102,OTI,OceanGate Titan Implosion,VERIFY,CTD_AI_OTI_TITANIC_SINKS1; CTD_AI_OTI_TITANIC_SINKS2,"SINKS1 shows the stern at 40° with ship lights still on, while SINKS2 shows the detached stern with no lights.","Survivor testimony has the lights burning until the break-up at roughly 60° — an already-separated stern should be dark, and the lit shot should show the ship still intact.","US Senate and British Inquiry testimony, 1912"
102,OTI,OceanGate Titan Implosion,VERIFY,CTD_AI_OTI_PipeWeights,"Brief specifies 10 pipe weights in a harness, 8 on the underside and 1 each side.","NTSB describes 4–6 cylindrical weights per side at roughly 25–30 lb each — reconcile count, placement and the 37 lb in the VO.","NTSB MIR-25/36, 2025"
102,TAD,Tenerife Airport Disaster,FIX,CTD_AI_TAD_KLMFlightTaxis; CTD_AI_TAD_PanAmBehindKLM,Both taxi shots specify 'Gran Canaria hills visible in background' behind Los Rodeos.,Los Rodeos is on Tenerife with the island's own La Laguna plateau and Anaga massif behind it; Gran Canaria is 90 km east across open ocean and not visible.,AENA Tenerife North airport data
102,TAD,Tenerife Airport Disaster,FIX,CTD_AI_TAD_FlowerShopExplosion,The beat states the Gran Canaria terminal bomb injured four people.,The 13:15 explosion in the terminal florist's shop injured eight.,"Spanish civil aviation accident report, 1978"
102,TAD,Tenerife Airport Disaster,VERIFY,CTD_AI_TAD_JustBeforeImpact01,Brief calls for an ECU of the KLM's wheels leaving the ground milliseconds before impact.,"KLM 4805 had rotated with nose gear up but main gear still on or barely off the runway — main gear, lower fuselage and engines struck Pan Am.","Spanish civil aviation accident report, 1978"
102,BMF,Boston Molasses Flood,FIX,CTD_AI_BMF_TankHarbour01; CTD_AI_BMF_TankHarbour02,"Both establishers place the tank on the Charles River, framed from the river's opposite shore.",The tank stood at 529 Commercial Street on Boston's inner harbour opposite Copp's Hill — the far shore is Charlestown and the Navy Yard.,"Smithsonian Magazine, 2019"
102,BMF,Boston Molasses Flood,FIX,CTD_AI_BMF_TrolleyComingAtIsaac,Brief puts an elevated railway car floating in the molasses wave.,A tank plate knocked out an upright of the Atlantic Avenue El and the track sagged; the approaching train stopped short and no El car was carried.,"Contemporaneous Boston press, January 1919"
102,BMF,Boston Molasses Flood,VERIFY,CTD_AI_BMF_TankHarbour01; CTD_AI_BMF_ImposingTank01; CTD_AI_BMF_RivetsRumble,"Every BMF brief mandates a heavy fog look, with instructions to 'add more fog' on the day of the collapse.","15 January 1919 was an unseasonably mild ~40 °F day with bare streets, and aftermath photographs show bright clear conditions — confirm the fog is deliberate stylisation.","US Weather Bureau Boston records, 1919"
102,BMF,Boston Molasses Flood,VERIFY,CTD_AI_BMF_RivetsLoosen; CTD_AI_BMF_TankRuptures; CTD_AI_BMF_ImposingTank02,Briefs are keyed to a VO placing the rupture at 'around 1PM' with a capacity of 2.5 million gallons.,The tank failed at about 12:30 pm and held roughly 2.3 million gallons. The 50 ft × 90 ft dimensions are correct.,"Smithsonian Magazine, 2019"
102,KAR,Krakatoa Eruption,FIX,CTD_AI_KAR_LegendaryKrakatoa,Brief flies to the summit and tilts down to reveal a lava-filled crater on pre-eruption Krakatoa.,Krakatoa had been dormant since 1680 — a forested island with quiescent ash-and-pumice craters. It never held an open lava lake.,"Verbeek, 1885; Smithsonian GVP"
102,KAR,Krakatoa Eruption,FIX,CTD_AI_KAR_BlowsUp,The 10 am climactic blast is slugged 'Clear sky. Calm sea.',"By 10:02 am on 27 August the strait was already ash-darkened from three earlier explosions, with pumice fall and tsunami-disturbed seas.","Verbeek, 1885; Norham Castle log, 1883"
102,KAR,Krakatoa Eruption,VERIFY,CTD_AI_KAR_SeaShockwave1; CTD_AI_KAR_SeaShockwave2,Two briefs show a visible shockwave crossing the water and flattening every tree on an island.,"Vegetation was destroyed by pyroclastic surges, ashfall and tsunami; the pressure wave broke windows 160 km away but is not recorded as levelling forests.","Verbeek, 1885; Smithsonian GVP"
102,KAR,Krakatoa Eruption,VERIFY,CTD_AI_KAR_AncientKrakatoa; CTD_AI_KAR_ScorcedLandscape,Briefs describe Krakatoa as a single mountain rising from the island.,"Pre-1883 Krakatoa carried three cones — Perboewatan, Danan and the 813 m Rakata.","Verbeek, 1885; Smithsonian GVP"
102,PAO,Piper Alpha Oil Rig Disaster,FIX,CTD_AI_PAO_PiperAlphaExplodes; CTD_AI_PAO_SinkingIntoWater; CTD_AI_PAO_FinalCollapse; CTD_AI_PAO_DavidLooksAtWater; CTD_AI_PAO_DavidJumps; CTD_AI_PAO_BollandsLooksAtRig,"Everything after the first explosion is slugged 'Night', implying a fully dark sky.","Piper Alpha lay at 58°28′N, where on 6–7 July the sun never falls more than ~9° below the horizon — the 22:20 riser rupture and the 00:45 collapse played out in nautical twilight with a lit northern horizon.","Cullen Inquiry, 1990; solar geometry for 58.5°N"
102,PAO,Piper Alpha Oil Rig Disaster,STYLE,CTD_AI_PAO_DavidJumpsOffHelipad; CTD_AI_PAO_DavidLooksOverEdge; CTD_AI_PAO_DavidLooksAtWater; CTD_AI_PAO_DavidJumps,The same helideck moment is slugged 'Sky at twilight' in two briefs and 'Night' in two others.,Pick one lighting state for the Kinrade helideck sequence so the cut holds together.,Internal brief comparison
102,PAO,Piper Alpha Oil Rig Disaster,VERIFY,CTD_AI_PAO_Sprinkler,The sprinkler shot is built on a VO saying the blast disabled the fire sprinkler controls.,Cullen found the deluge pumps were on manual for diver safety and were never started — the system did not fail because of the explosion.,"Cullen Inquiry, 1990"
102,PAO,Piper Alpha Oil Rig Disaster,VERIFY,CTD_AI_PAO_RadioRoomPhone1; CTD_AI_PAO_RadioRoomPhone2; CTD_AI_PAO_RadioRoomPhone3,Three briefs stage the mayday on a black rotary desk telephone.,The distress call went out by radio to nearby vessels — confirm the instrument and the 1988-era handset.,"Cullen Inquiry, 1990"
102,LPE,Loma Prieta Earthquake,FIX,CTD_AI_LPE_SanFranciscoHousingRowCollapses; CTD_AI_LPE_SanFranciscoHouseFallsOnCar; CTD_AI_LPE_RowHouseWindowPOV; CTD_AI_LPE_RowHouseInterior,Four briefs show San Francisco row houses cracking and toppling sideways into the street and onto a parked car.,"Marina District failures were soft-storey collapses — upper floors dropping straight down onto crushed ground-floor garages, buildings settling and leaning from liquefaction, not falling across the roadway.",USGS Professional Paper 1551; EERI report
102,LPE,Loma Prieta Earthquake,VERIFY,CTD_AI_LPE_BuildingSway01; CTD_AI_LPE_BuildingSway02; CTD_AI_LPE_SanFranciscoStreetBuckles; CTD_AI_LPE_SanFranciscoStreetlightSways,Street and building shots are slugged 'DAY. SUNNY' with no time-of-day guidance.,"The quake hit at 5:04 pm PDT, about 80 minutes before sunset — low golden light with long shadows.","USGS; USNO sunset tables, 17 Oct 1989"
102,LPE,Loma Prieta Earthquake,VERIFY,CTD_AI_LPE_DriverPovCypressViaduct; CTD_AI_LPE_KeysInIgnition1,Briefs describe Tim Peterson as an Oakland rookie firefighter driving to his station when the viaduct fell.,Reporting names him Tim Petersen and says he joined Oakland FD after the collapse — his father was the firefighter on scene. Confirm spelling and status.,ABC7 San Francisco retrospective
102,HKA,Hurricane Katrina,STYLE,CTD_AI_HKA_LeveeBreaks; CTD_AI_HKA_WaterErodingLevee; CTD_AI_HKA_IndustrialCanalTopped1; CTD_AI_HKA_IndustriaCanalRisingWaters1,The same Industrial Canal sequence is slugged 'Gale force wind' in the levee briefs and 'hurricane force winds' in the canal briefs.,"Settle on one wind state; New Orleans was in hurricane-force winds when the floodwalls went, so the stronger direction is the accurate one.","IPET final report, USACE, 2006"
102,HKA,Hurricane Katrina,STYLE,CTD_AI_HKA_CarThroughHouse; CTD_AI_HKA_9thWardFlood,"Two shots of the same breach wave specify different heights — 20 ft in one, 15 ft in the other.",Fix a single wave height for the Lower Ninth Ward breach.,Internal brief comparison
102,HKA,Hurricane Katrina,VERIFY,CTD_AI_HKA_LeveeBreaks; CTD_AI_HKA_9thWardFlood; CTD_AI_HKA_WaterDemolishHouse,All breach and house-destruction shots are slugged 'EXT. DAY'.,"The first Industrial Canal breach came around 5 am, before a ~6:30 am sunrise; only the larger second breach near 7:45 am was in daylight — confirm which breach this is.","IPET, 2006; Team Louisiana, 2006"
103,AA191,American Airlines Flight 191,FIX,CTD_AI_AA191_EngineOnRunway01; CTD_AI_AA191_EngineOnRunway02; CTD_AI_AA191_EngineOnRunway04,"Briefs specify a '4,000 pound engine' sliding down the runway; a beat elsewhere calls engine-plus-pylon 9,000 lb.","The separated CF6 engine and pylon assembly weighed about 13,477 lb — the object must read as a ~6.7-ton assembly.","NTSB AAR-79-17, 1979"
103,AA191,American Airlines Flight 191,FIX,CTD_AI_AA191_Slats04; CTD_AI_AA191_Slats02,Slats04 shows left FLAPS on the BACK of the wing failing to move; Slats02 asks for SLATS on the BACK of the right wing.,Takeoff flaps stayed extended and symmetric; the failure was the left OUTBOARD LEADING-EDGE SLATS — front of the wing — retracting uncommanded after hydraulic lines were severed.,"NTSB AAR-79-17, 1979"
103,AA191,American Airlines Flight 191,FIX,CTD_AI_AA191_EngineOnRunway01; CTD_AI_AA191_EngineOnRunway02; CTD_AI_AA191_EngineOnRunway03; CTD_AI_AA191_PlaneTakesOff01,"Four briefs slug the runway 'DAY — SUMMER, HAZY' with heat shimmer.","15:04 on 25 May 1979: sky clear, visibility 15 miles, 63 °F, wind 020 at 22 kt gusting 28 — a bright sharp late-spring afternoon with no heat haze.",NTSB AAR-79-17 meteorological data
103,AA191,American Airlines Flight 191,FIX,CTD_AI_AA191_AdjustRudder01,Brief calls for a CU of the pilot's HAND adjusting the rudder.,"The DC-10 rudder is commanded by foot pedals — the shot is feet on the pedals, hands staying on the control wheel.","NTSB AAR-79-17, 1979"
103,AA191,American Airlines Flight 191,FIX,CTD_AI_AA191_PilotsInCockpit,The wide DC-10 cockpit brief populates the flight deck with two crew only.,"Flight 191 carried three — Captain Lux, First Officer Dillard and Flight Engineer Udovich at the right-hand side panel, which must be occupied in a wide shot.","NTSB AAR-79-17, 1979"
103,AA191,American Airlines Flight 191,VERIFY,CTD_AI_AA191_LaughlinPOV; CTD_AI_AA191_ParkingLotMan; CTD_AI_AA191_Camera; CTD_AI_AA191_LaughlinCrashPOV,Briefs place photographer Michael Laughlin in an O'Hare parking lot in airline-pilot dress.,Contemporaneous captions describe him as a 24-year-old student pilot on a layover in the terminal — confirm both vantage and wardrobe.,Chicago Tribune archive caption
103,CCS,Costa Concordia,FIX,CTD_AI_CCS_LifeboatEvacuation01; CTD_AI_CCS_LifeboatEvacuation02; CTD_AI_CCS_LifeboatEvacuation03; CTD_AI_CCS_LifeboatEvacuation04; CTD_AI_CCS_LifeboatEvacuation05; CTD_AI_CCS_LifeboatEvacuation06,"All six lifeboat briefs lock the ship 'listing at 50%', including passengers stepping from the hull into a boat.",Abandon ship came at 22:54:10 and the first boats went down at 22:55 with the list at roughly 11–20° (25–30° only by 23:11). Launching at 50° is impossible — these need a shallow list.,"Italian MIT Marine Casualties Investigative Body, 2013"
103,CCS,Costa Concordia,FIX,CTD_AI_CCS_DinnerInRestaurant01; CTD_AI_CCS_DinnerInRestaurant02; CTD_AI_CCS_MaritimeSalute02,Restaurant briefs dress the Davises for a 'warm weather cruise' and passengers line an open deck in the same register.,"21:45 on 13 January 2012 off Giglio, NE force-4 sea and 17-knot wind — wardrobe should read mid-winter Mediterranean.","Italian MIT report, weather annex, 2013"
103,CCS,Costa Concordia,VERIFY,CTD_AI_CCS_JUL9FiftyDegreeList,Brief fixes the ship at 50° to starboard at the moment it 'has now settled on rock'.,"The list passed 25–30° at 23:11 and rose sharply after midnight to about 80° — 50° corresponds to a narrow window around 00:00, not the settled state.","Italian MIT report, 2013"
103,CCS,Costa Concordia,STYLE,CTD_AI_CCS_HardToStarboard01,"The shot slugged for the captain's 'Hard to starboard!' order actually describes Schettino holding his date's hand, duplicating JUL9HoldHands word for word.",Re-brief to the helm order so it pairs with HardToStarboard02's wheel CU.,Internal brief comparison
103,CCS,Costa Concordia,STYLE,CTD_AI_CCS_MaritimeSalute01; CTD_AI_CCS_MaritimeSalute02; CTD_AI_CCS_SchettinoOnPhone03; CTD_AI_CCS_ShipStartsDetour01; CTD_AI_CCS_JUL9BridgePOV,"Ship-to-shore distance is specified four different ways across one continuous sail-past: 250 m, 300 m, 1 km and 'about a mile'.",Fix a single distance ladder — the ship closed from roughly 0.5 nm to under 300 m before contact — so shore-light scale is consistent.,"Italian MIT report, 2013"
103,HMB,Halifax Explosion,FIX,CTD_AI_HMB_SpilledBenzol; CTD_AI_HMB_SparksReachBenzol,Both briefs render the spilled benzol as a 'tar-like substance' pouring thickly across the deck.,"Benzol was a high-octane motor fuel of benzene and toluene — a thin, clear, fast-evaporating liquid that spreads and flashes off, nothing like tar.",Maritime Museum of the Atlantic; Halifax Explosion historiography
103,HMB,Halifax Explosion,FIX,CTD_AI_HMB_SparksMB; CTD_AI_HMB_SparksReachBenzol,"Briefs light the fire with sparks from the ship's engines, with a CU of the engine throwing sparks into spilled fuel.","Ignition came from steel-on-steel sparks as Imo's bow ground out of Mont-Blanc's hull; vapour caught at the waterline and ran up the hull. Shoot the gash, not the engine room.","Wreck Commissioner's inquiry findings, 1917"
103,HMB,Halifax Explosion,FIX,CTD_AI_HMB_MackeySentFlying,Brief stages Mackey's survival as a POV from his lifeboat as the blast hurls the boat into a tree.,"Mackey had already landed on the Dartmouth shore and was on foot with Captain Le Medec when the blast knocked them down — a shoreline run, not a boat in flight.","Library and Archives Canada, Mackey's own account"
103,HMB,Halifax Explosion,FIX,CTD_AI_HMB_FlamesApproachTNT,Brief calls for large crates stencilled 'DANGER: TNT' burning on Mont-Blanc's deck.,"The TNT, picric acid and guncotton were stowed below in the holds and the ship carried no hazard markings; only benzol drums were on deck.","SS Mont-Blanc cargo manifest, 1917"
103,HMB,Halifax Explosion,VERIFY,CTD_AI_HMB_Tsunami,"The beat sizes the harbour tsunami at 'a giant wave, 20 feet high'.",The displacement wave ran up to about 18 m (roughly 60 ft) above high-water on the Dartmouth side — confirm the intended figure before scaling.,Nova Scotia Museum
103,HMB,Halifax Explosion,VERIFY,CTD_AI_HMB_SubmarineNetsRaised; CTD_AI_HMB_ImoStartsLeaving01,Beats state Imo's departure had been delayed three days and that she was setting off 'for Belgium'.,"She was held that same evening because her coal arrived late and the nets had closed, and she was bound for New York to load Belgian relief supplies.","Halifax Explosion record, Imo movements"
103,LMR,Lac-Mégantic Rail Disaster,FIX,CTD_AI_LMR_TrainStatic01; CTD_AI_LMR_BehindLastCar; CTD_AI_LMR_TrainHeadOn; CTD_AI_LMR_TrainIncline; CTD_AI_LMR_StopWithSmoke; CTD_AI_LMR_Outskirts01; CTD_AI_LMR_FlyIntoEngine01,Every train brief shows a single locomotive hauling the 72 tank cars.,MMA-002 ran with a five-locomotive head-end consist (MMA 5017 leading) plus a VB buffer car and a box car ahead of the tank cars.,"TSB Canada R13D0054, 2014"
103,LMR,Lac-Mégantic Rail Disaster,FIX,CTD_AI_LMR_HardingSetsBrakes; CTD_AI_LMR_HandBrake01; CTD_AI_LMR_HandBrake02,Hand-brake briefs put Harding crouching at a hand brake on a tank car that looms over him.,The seven hand brakes were applied on the five locomotives and the buffer car at the head end — none on any tank car.,"TSB Canada R13D0054, 2014"
103,LMR,Lac-Mégantic Rail Disaster,VERIFY,CTD_AI_LMR_TaxiHighway; CTD_AI_LMR_TrainInFlames,Both briefs show flames already erupting from the locomotive as Harding's taxi pulls onto the highway.,The taxi collected Harding at about 23:30 when the driver saw heavy smoke and oil droplets; fire was only reported at 23:50 — confirm this is intended dramatisation.,"TSB Canada R13D0054, 2014"
103,LMR,Lac-Mégantic Rail Disaster,VERIFY,CTD_AI_LMR_FirefighterShutsEngine,Brief shows a gloved hand throwing a protruding lever on the in-cab console to shut the locomotive down.,TSB records the lead locomotive shut down with the emergency fuel cut-off switch — confirm the exact control and its location.,"TSB Canada R13D0054, 2014"
103,LMR,Lac-Mégantic Rail Disaster,VERIFY,CTD_AI_LMR_TrainDerails; CTD_AI_LMR_TankRupture01; CTD_AI_LMR_TankRupture02,The beat states 'two million gallons of crude oil starts gushing out'.,The train carried about 7.7 million litres and roughly 6 million litres (about 1.6 million US gallons) were released — scale the slick accordingly.,"TSB Canada R13D0054, 2014"
103,LMR,Lac-Mégantic Rail Disaster,VERIFY,CTD_AI_LMR_BehindLastCar; CTD_AI_LMR_HazardFlammable,VO says the train is hauling 72 tankers loaded with 'ten thousand tons of crude oil'.,"About 10,290 tons was the weight of the whole train; the crude itself was 7.7 million litres, roughly 6,400 tonnes.","TSB Canada R13D0054, 2014"
103,PFS,Peshtigo Firestorm,FIX,CTD_AI_PFS_WindPicksUp01; CTD_AI_PFS_WindPicksUp02,"Both wind briefs are driven by 'On the morning of October 8th, a cold front sweeps in' and lit as ground-level daylight.","The wind shift and fire run happened on the EVENING of Sunday 8 October 1871 — dusk/dark, wind from the southwest ahead of the low.","NOAA NWS Green Bay, The Peshtigo Fire"
103,PFS,Peshtigo Firestorm,FIX,CTD_AI_PFS_WallOfFlames01; CTD_AI_PFS_WallOfFlames02; CTD_AI_PFS_TornadoFireball01; CTD_AI_PFS_TornadoFireball02; CTD_AI_PFS_TornadoFireball03; CTD_AI_PFS_PeshtigoBurns; CTD_AI_PFS_SandToGlass,"None of the firestorm briefs carry a time-of-day slug, so they will default to daylight renders.","The firestorm reached Peshtigo after dark on 8 October 1871 — every one of these must be slugged NIGHT, lit only by fire.",NOAA NWS Green Bay
103,PFS,Peshtigo Firestorm,VERIFY,CTD_AI_PFS_SandToGlass,"Brief calls for a CU of riverside sand visibly melting into glass on the strength of a '2,000 degrees' beat.","The 2,000 °F figure comes from fire-service literature while silica needs roughly 3,000 °F to fuse — the sand-to-glass image is a disputed legend.","Wildland Fire Foundation Peshtigo staff-ride document, 2025"
103,PFS,Peshtigo Firestorm,VERIFY,CTD_AI_PFS_WindPicksUp01; CTD_AI_PFS_WindPicksUp02,Beat gives frontal winds 'of up to 100 miles an hour'.,"There were no instrument observations; NWS reconstruction gives strong southwesterly gradient winds, and 100–110 mph describes fire-generated whirlwinds rather than the front.",NOAA NWS Green Bay reconstruction
103,PFS,Peshtigo Firestorm,STYLE,CTD_AI_PFS_DryPeshtigo01; CTD_AI_PFS_DryPeshtigo02,"Both drought briefs are pitched as 'late summer vibe' baking under intense sun, though the VO runs to October 1871.","Fix the intended month — early-October Wisconsin (70s, autumn foliage, low sun) reads differently from mid-summer, and both briefs must match.",NOAA NWS Green Bay
103,SDS,Sampoong Department Store Collapse,FIX,CTD_AI_SDS_DiggingOut01; CTD_AI_SDS_DiggingOut02,"Both rescue briefs are driven by 'It takes two hours to dig their way to Choi Myong Suk', staging a short entombment.","Choi Myung-seok, 21, was pulled from a 1.2 × 1.5 m void near a basement escalator at 08:20 on 9 July 1995 — eleven days and about 230 hours after the collapse.","JRI News investigative feature, 2015"
103,SDS,Sampoong Department Store Collapse,FIX,CTD_AI_SDS_BuildingCollapses01; CTD_AI_SDS_BuildingCollapses02; CTD_AI_SDS_BuildingCollapses03,The three collapse briefs describe the whole store pancaking to the ground.,Only the SOUTH wing collapsed (all but its southernmost section) in under 20 seconds; the north wing stayed standing — exteriors must keep an intact structure beside the rubble.,"Sampoong collapse record, 1995"
103,SDS,Sampoong Department Store Collapse,VERIFY,CTD_AI_SDS_Evacuate,Brief shows a top-down atrium shot of a crowd streaming out of every floor on the 17:50 evacuation beat.,"Management kept the store trading all day and only the fifth floor was closed; roughly 1,500 people were still inside at 17:52 — a store-wide orderly exodus overstates the record.","Sampoong collapse timeline, 29 June 1995"
103,SDS,Sampoong Department Store Collapse,STYLE,CTD_AI_SDS_Breaktime; CTD_AI_SDS_BasementShaking,"Two briefs covering the same basement moment contradict each other: one asks for people out of focus in the background, the other specifies 'No other people'.",Pick one treatment for the basement food-court beat so the two shots cut together.,Internal brief comparison
103,SJE,San Juanico LPG Explosion,FIX,CTD_AI_SJE_PipeRuptures; CTD_AI_SJE_TravelingCloud01; CTD_AI_SJE_TravelingCloud02; CTD_AI_SJE_TravelingCloud03; CTD_AI_SJE_TravelingCloud04; CTD_AI_SJE_GasIgnites; CTD_AI_SJE_HomeBurns; CTD_AI_SJE_MetalShards01; CTD_AI_SJE_MetalShards02; CTD_AI_SJE_HomeKnockedDown; CTD_AI_SJE_ResidentHellPOV; CTD_AI_SJE_JUL9GasGhost01,"The disaster sequence is slugged DAWN, EARLY MORNING, DAY and 'hot, hazy summer day', with the resident stepping into 'full morning light'.","The pipe failed about 05:35 and the cloud ignited about 05:45 on 19 November 1984, before nautical twilight (05:57, sunrise 06:46) — the whole sequence plays in full darkness lit only by the flare pit and fires.","HSE COMAH case study, PEMEX LPG Terminal, 1984"
103,SJE,San Juanico LPG Explosion,FIX,CTD_AI_SJE_TravelingCloud02,Aerial brief follows the vapour cloud drifting across the facility at about 40 ft up.,The cloud was a ground-hugging layer roughly 200 × 150 m and only 2 m (about 7 ft) deep as it rolled toward the flare pit — which is why it found the ignition source.,HSE COMAH case study
103,SJE,San Juanico LPG Explosion,VERIFY,CTD_AI_SJE_MetalShards01; CTD_AI_SJE_MetalShards02,Beat limits hot metal fragments to 'as far as 600 feet away'.,"BLEVE fragments, some up to 30 tonnes, were thrown to 350 m in public areas with the furthest at 1,200 m — the debris field is far larger.","HSE / IChemE case studies, 1984–87"
103,SJE,San Juanico LPG Explosion,STYLE,CTD_AI_SJE_TravelingCloud01; CTD_AI_SJE_TravelingCloud04; CTD_AI_SJE_JUL9GasGhost01,"Cloud briefs contradict each other: one wants rapidly escaping white vapour, another says make it barely visible, a third abandons the cloud for a POV creep.",Settle one treatment — dense white condensation mist at the rupture thinning to near-invisible as it drifts — so the three read as one cloud.,Internal brief comparison
104,TSF,Triangle Shirtwaist Factory Fire,FIX,CTD_AI_TSF_7thFloorLadder A; CTD_AI_TSF_7thFloorLadder B,Both briefs direct the fire ladders to extend and stop at the 7th floor.,The FDNY's longest 1911 ladder reached only the 6th floor — three storeys below the trapped workers on the 9th.,Cornell ILR Kheel Center; FDNY demonstration
104,TSF,Triangle Shirtwaist Factory Fire,FIX,CTD_AI_TSF_WShepardTypes,Shepherd is shown typing his famous account on a typewriter in a house den.,Shepherd phoned his account in live from the scene while the fire burned; Roy Howard took the dictation and telegraphed it out.,Cornell ILR Kheel Center
104,TSF,Triangle Shirtwaist Factory Fire,FIX,CTD_AI_TSF_GarmentWorkers F,"A lit cigarette sits in an ashtray beside a woman's sewing machine, with a rack focus onto it.",Smoking was banned inside Triangle and done concealed by male cutters; the Fire Marshal attributed ignition to a hidden match or cigarette dropped into a scrap bin under a cutting table.,"NYC Fire Marshal determination, 1911"
104,TSF,Triangle Shirtwaist Factory Fire,STYLE,CTD_AI_TSF_Stampede01; CTD_AI_TSF_Stampede02,"Both records are filed under TSF but their creative direction is 'INT. RESTAURANT, NIGHT' and points artists at CCS_Stampede01/02.",These are another story's briefs mis-filed into the Triangle sequence — remove or re-slug before they go out as Asch Building shots.,Internal record inconsistency
104,TSF,Triangle Shirtwaist Factory Fire,VERIFY,CTD_AI_TSF_InspectorOnPhone A; CTD_AI_TSF_InspectorOnPhone B; CTD_AI_TSF_BlanckLooksAtFactory A; CTD_AI_TSF_BlanckLooksAtFactory C,"A fire inspector telephones Blanck and Harris in June 1909 to arrange a safety meeting, and Blanck hangs up.","The documented pre-fire approaches were written, unanswered correspondence about fire drills, not a telephone call.",Cornell ILR Kheel Center; trial record
104,TSF,Triangle Shirtwaist Factory Fire,VERIFY,CTD_AI_TSF_FireEscapeCollapse A; CTD_AI_TSF_FireEscapeCollapse C; CTD_AI_TSF_FireEscapeCollapse D,The fire escape is framed against 'EXT. ASCH BUILDING' with a birds-eye fall straight to the street.,"The single fire escape was in the enclosed rear courtyard and terminated over a second-floor skylight, not on the public street facade.",Asch Building plans; 1911 trial record
104,ORA,Ocean Ranger,FIX,CTD_AI_ORA_PortholeSmashed; CTD_AI_ORA_ControlPanelDamaged A; CTD_AI_ORA_ControlPanelDamaged B; CTD_AI_ORA_ControlPanelDamaged C; CTD_AI_ORA_CrewAtControlPanel A; CTD_AI_ORA_CrewAtControlPanel B; CTD_AI_ORA_CrewAtControlPanel C,The whole broken-porthole and damaged-ballast-panel sequence is slugged INT. BALLAST CONTROL ROOM — DAY.,"The portlight broke and water reached the panel between roughly 19:00 and 21:00 on 14 February, hours after a ~17:20 winter sunset — it must be night, as sibling briefs already specify.","Royal Commission on the Ocean Ranger Marine Disaster, 1984"
104,ORA,Ocean Ranger,FIX,CTD_AI_ORA_GiantWaves03,Men in the water without survival suits is slugged EXT. NORTH ATLANTIC — DAY while every other brief in the sequence is NIGHT.,The crew abandoned the rig from about 01:30 and were in the sea until it sank around 03:10 on 15 February — full darkness.,"Royal Commission, 1984"
104,ORA,Ocean Ranger,VERIFY,CTD_AI_ORA_OceanRangerRig01; CTD_AI_ORA_OceanRangerRig02,Briefs are built to sell the expert line that the rig is 'the length of two football fields'.,Ocean Ranger was 396 ft long and 262 ft wide — barely more than one football field. The '35 storeys high' figure is correct.,"Royal Commission, 1984"
104,ORA,Ocean Ranger,STYLE,CTD_AI_ORA_Lifeboats02,The liferaft canister is specified as 2.5 m long and 0.1 m high.,"0.1 m is physically impossible — a small offshore canister is roughly 0.5–0.6 m in diameter and moulded GRP, not white metal.",SOLAS liferaft container specification
104,ORA,Ocean Ranger,STYLE,CTD_AI_ORA_Lifeboats01; CTD_AI_ORA_Lifeboats02,"The lifeboat-inventory shots are specified as a 'sunny, warm winter day' with calm seas on the Grand Banks in February 1982.","'Warm' will push the generator to summer light — specify cold, low, hard winter light over a calm sea to match the other February exteriors.",Internal continuity
104,KAL007,Korean Air Lines Flight 007,FIX,CTD_AI_KAL007_RequestAltitudeATC01,"Three ECUs of the altimeter read 30,400 ft at the moment the captain requests a higher level.","KE007 was cruising at FL330 when it requested FL350, and was at 35,000 ft when the missile hit — 30,400 ft matches neither.","ICAO fact-finding report on KE007, 1993"
104,KAL007,Korean Air Lines Flight 007,FIX,CTD_AI_KAL007_747Crashes 3,"The slugline reads 'EXT. KAL007 (727)', which will cue a Boeing 727 nose.",KAL 007 was a Boeing 747-230B (HL7442) — the wide-body nose specified everywhere else in the story.,"ICAO fact-finding report, 1993"
104,KAL007,Korean Air Lines Flight 007,VERIFY,CTD_AI_KAL007_747Nosedive01; CTD_AI_KAL007_747Crashes 2,The aircraft is directed to nose-dive from cruise straight into the sea.,"After the detonation KE007 arced upward for about 113 seconds, descended gradually, levelled at 16,424 ft for roughly five minutes, then spiralled down — about 12 minutes of flight.","ICAO fact-finding report, 1993"
104,KAL007,Korean Air Lines Flight 007,STYLE,CTD_AI_KAL007_747Crashes 1; CTD_AI_KAL007_747PlaneDebris01,The impact shot specifies 'rough waters' while the debris shot moments later specifies a 'calm ocean surface'.,Pick one sea state for the Moneron Island impact and carry it across both shots.,Internal continuity
104,MRB,I-35W Mississippi River Bridge Collapse,FIX,CTD_AI_MRB_MachineryAndEquipment 03; CTD_AI_MRB_AtopBridgeRoadwork01; CTD_AI_MRB_AtopBridgeRoadwork02,The deck crew is shown shovelling and levelling black asphalt with an asphalt roller in the foreground.,"The 1 August 2007 job was concrete resurfacing — milling 2 in of concrete wearing course and placing a new 2 in concrete overlay, with aggregate piles, cement and water tankers and a concrete mixer on the deck.","NTSB HAR-08/03, 2008"
104,MRB,I-35W Mississippi River Bridge Collapse,FIX,CTD_AI_MRB_WorkerRescue01; CTD_AI_MRB_WorkerRescue02,"Jeff Ringate is placed on the riverbank, fishing Lindsay Walz out from the shore.",Ringate was a construction worker who fell with the bridge; he spotted Walz from the collapsed deck and pulled her up onto it with a broom handle.,"Star Tribune, 2017"
104,MRB,I-35W Mississippi River Bridge Collapse,FIX,CTD_AI_MRB_LindsayCollapse 02,The beat states hundreds of vehicles plunge 110 ft into the Mississippi.,111 vehicles were on the collapsed portion and only 17 were recovered from the water; the main span fell 108 ft into a river 15 ft deep.,"NTSB HAR-08/03, 2008"
104,MRB,I-35W Mississippi River Bridge Collapse,VERIFY,CTD_AI_MRB_BridgeAssessment01; CTD_AI_MRB_BridgeAssessment02; CTD_AI_MRB_BridgeAssessment03,"A mid-1990s inspector hammer-taps visibly corroding gusset plates, framed as the discovery that mattered.","NTSB found the cause was under-thickness U10 gusset plates — a 1960s design error, not corrosion; corrosion at L11 was expressly excluded as causal.","NTSB HAR-08/03, 2008"
104,MRB,I-35W Mississippi River Bridge Collapse,VERIFY,CTD_AI_MRB_AtopBridgeRoadwork02; CTD_AI_MRB_WorkerRescue02,"Ringate is locked in as a recurring on-screen character described as a 'tall, blonde, Caucasian 20-year-old'.",No published account gives his age or appearance — confirm before building a recognisable likeness of a named living person across multiple shots.,"Contemporaneous reporting, 2007–2017"
104,SMI,Sago Mine,FIX,CTD_AI_SMI_ExplosionInMine A,Ignition is staged as an exposed cable wire on the mine floor throwing a spark into built-up methane.,"MSHA determined lightning was the most likely ignition source and that the explosion occurred inside the sealed 2 North Mains area, where no cables or working faces existed.","MSHA Report of Investigation, Sago Mine, 2007"
104,SMI,Sago Mine,FIX,CTD_AI_SMI_SupervisorsUnaware; CTD_AI_SMI_MinersExit,"Supervisors stand outside in overcast winter DAY at the 6:26 am explosion, and the escaping crew exits into DAY at about 7:30 am.",Sunrise at Sago on 2 January 2006 was about 7:40 am EST — the explosion happened in full darkness and the crew surfaced in dim pre-sunrise twilight.,"MSHA, 2007; NOAA solar position, Upshur County WV"
104,SMI,Sago Mine,FIX,CTD_AI_SMI_MinersReadyGear C; CTD_AI_SMI_BandanaOverMouth B,"Miners gear up with 'oxygen masks' around their necks, and underground one is taken off and put back on.",Sago miners carried belt-worn CSE SR-100 self-rescuers — single-use chemical-oxygen canisters that cannot be doffed and re-donned once started.,"MSHA, 2007"
104,SMI,Sago Mine,FIX,CTD_AI_SMI_MiningCoal01; CTD_AI_SMI_Sledgehammer,A miner drills the coal face with a hand-held jackhammer and roof bolts are driven with a sledgehammer.,Each Sago section worked with two remote-controlled continuous mining machines and two twin-boom roof-bolting machines — no hand drilling or hammered bolts.,"MSHA, 2007"
104,SMI,Sago Mine,FIX,CTD_AI_SMI_JonesRalliesTeam; CTD_AI_SMI_BandanaOverMouth A; CTD_AI_SMI_SmokyTunnel; CTD_AI_SMI_EmergencyPhone A,Multiple briefs specify a mine ceiling around 6 ft with miners moving crouched.,Average mining height at Sago was approximately 7 ft — the men could walk upright.,"MSHA, 2007"
104,SMI,Sago Mine,STYLE,CTD_AI_SMI_SagoMineEstablisher01; CTD_AI_SMI_SagoMineEstablisher02,"Two versions of the same establishing sequence are dated 'Grey, Autumn Day 2005' and 'Grey, Autumn Day 2006'.","Fix one date — the disaster is early January, so autumn 2006 post-dates the event it is establishing.",Internal continuity
104,MVE,Mount Vesuvius Eruption,FIX,CTD_AI_MVE_VesuviusFireAndAsh B; CTD_AI_MVE_GaspForAir A,Both briefs direct red-hot lava flowing down the side of the mountain.,"No lava was produced in AD 79 — it was a Plinian pumice fall followed by pyroclastic density currents, so the mountainside carries ash and glowing surges, never lava streams.","Sigurdsson et al., The Eruption of Vesuvius in AD 79"
104,MVE,Mount Vesuvius Eruption,FIX,CTD_AI_MVE_BustlingStreets1; CTD_AI_MVE_BustlingStreets2; CTD_AI_MVE_Pompeii; CTD_AI_MVE_VesuviusErupts,"Pre-eruption Pompeii shots call for 'dormant Mt. Vesuvius' in the background, which will generate today's familiar cone.","The modern Gran Cono post-dates AD 79; in 62–79 AD Vesuvius was a single, taller, vine-covered summit inside a pre-existing caldera rim, and its top was destroyed in the eruption.","Nazzaro, Annals of Geophysics, 1999"
104,MVE,Mount Vesuvius Eruption,VERIFY,CTD_AI_MVE_VillagersBuried; CTD_AI_MVE_VillagerFalls,The pyroclastic surge that kills the Pompeians is slugged EXT. POMPEII — NIGHT.,"The surge arrived about 07:30 on the morning of the second day — the blackness is ash-cloud darkness, so light it as daylight extinguished rather than a night scene.",Sigurdsson et al. eruption reconstruction
104,MVE,Mount Vesuvius Eruption,VERIFY,CTD_AI_MVE_BustlingStreets1,The shot populates Pompeii's streets with Roman soldiers alongside villagers.,Pompeii was a civilian colonia with no standing garrison — confirm before dressing legionaries into an everyday street scene.,Standard scholarship on Roman Pompeii
104,ARF,Ahr River Flooding,FIX,CTD_AI_ARF_RiverbankBreaks04,"The 'just after flooding moment' version, in which a house is torn from its foundations, is slugged DAY in overcast daylight.","In Altenahr the house that broke loose went at about 21:50 on 14 July, after a ~21:30 sunset, and the flood peaked around 23:00 in full darkness.","Washington Post hour-by-hour reconstruction, 2021"
104,ARF,Ahr River Flooding,FIX,CTD_AI_ARF_EscapeToBalcony; CTD_AI_ARF_EscapeToBalcony 2; CTD_AI_ARF_EscapeToBalcony 3,"The Sermanns' escape upstairs is slugged DUSK, yet the following brief shows the sun setting only after they are already up there.",Lukas Sermann and his father were cut off at about 19:00 on 14 July — broad overcast daylight in mid-July Germany — so the escape is a daylight scene and the dusk time-lapse follows it.,"Washington Post reconstruction, 2021"
104,ARF,Ahr River Flooding,VERIFY,CTD_AI_ARF_EscapeToBalcony; CTD_AI_ARF_EscapeToBalcony 2,Lukas and his father shoulder open a door and scramble up flooded wooden stairs onto a balcony.,The published reconstruction has them stranded in the current and breaking into an ice cream shop for shelter — confirm the balcony detail.,"Washington Post reconstruction, 2021"
104,ARF,Ahr River Flooding,VERIFY,CTD_AI_ARF_FloodedCampsite A; CTD_AI_ARF_FloodedCampsite B,The beat states seven people drowned at the campsite in Dorsel.,"Regional records for Campingplatz Stahlhütte give six deaths; the site flooded around 16:00 on 14 July, which does support the DAY slug.","AW-Wiki; NHESS (Copernicus), 2025"
104,ARF,Ahr River Flooding,STYLE,CTD_AI_ARF_RisingWater03; CTD_AI_ARF_RiverbankBreaks04,The same stretch of the Ahr is specified as 9 m wide in one brief and 12 m wide in the others.,Fix a single channel width so the pre-flood and flood-moment shots cut together.,Internal continuity
104,ARF,Ahr River Flooding,STYLE,CTD_AI_ARF_RockyRiverbanks01,"The Altenahr riverbank explainer is specified as a sunny, cloudless day with sun sparkling on the water.",Every other Ahr brief is locked to overcast grey with rain or mist — a cloudless plate will not cut into the sequence.,Internal continuity
105,FMF,Fort McMurray Forest Fire,FIX,CTD_AI_FMF_The Beast03; CTD_AI_FMF_The Beast05; CTD_AI_FMF_The Beast06,"Briefs stage burning rooftops, a blazing living room and ember attack in DOWNTOWN Fort McMurray, following a VO that the fire 'jumps Highway 63, into downtown'.","Downtown was successfully defended and never burned; the neighbourhoods destroyed were Beacon Hill, Abasand, Waterways and Wood Buffalo.","CBC News, Fire Chief Darby Allen media tour, May 2016"
105,FMF,Fort McMurray Forest Fire,FIX,CTD_AI_FMF_PlumeFromWindow01; CTD_AI_FMF_PlumeFromWindow02; CTD_AI_FMF_PlumeFromWindow03; CTD_AI_FMF_PlumeFromWindow04; CTD_AI_FMF_GrowingFire03; CTD_AI_FMF_ViewFromClassroom01,"The plume is placed at wildly different and impossible distances — '75 miles', '75 km', '100 miles', '50 km', '35 km' — which will produce a faint horizon smudge instead of a looming plume.","The fire was first reported about 15 km southwest of Fort McMurray and was within a few km of the neighbourhoods by 2–3 May — the plume should read as very close, roughly 5–15 km.","Alberta Wildfire timeline via The Weather Network, 2016"
105,FMF,Fort McMurray Forest Fire,FIX,CTD_AI_FMF_Helicopter01; CTD_AI_FMF_Helicopter02; CTD_AI_FMF_Helicopter03; CTD_AI_FMF_Helicopter05; CTD_AI_FMF_SmallFire01; CTD_AI_FMF_HelicopterDousing02,"The fire as first found on 1 May is directed as 'one acre' of burning forest, following a beat calling it 'about two acres, roughly the size of a soccer field'.","MWF-009 was logged at two hectares — about five acres, roughly three soccer pitches — when the crew found it at 4 pm on 1 May 2016. The hectares/acres conversion has been dropped.","Alberta Agriculture and Forestry fire log, 2016"
105,FMF,Fort McMurray Forest Fire,STYLE,CTD_AI_FMF_Jogger01; CTD_AI_FMF_Jogger02; CTD_AI_FMF_Jogger03; CTD_AI_FMF_NormalDay01; CTD_AI_FMF_NormalDay02,"The jog sequence is slugged LATE AFTERNOON, but the beat has Kwame Osei on his 'morning run' and adjacent PlumeFromWindow shots are slugged MORNING.",Slug the jogger and 'normal day' shots MORNING so they cut with the 2 May morning sequence.,"Internal continuity, script beat vs creative direction"
105,FMF,Fort McMurray Forest Fire,STYLE,CTD_AI_FMF_ViewFromClassroom04; CTD_AI_FMF_FleeInVehicles06; CTD_AI_FMF_GrowingFire03,"Three different briefs share the shotcode ViewFromClassroom04, two share FleeInVehicles06, and GrowingFire03 exists three times with different content.","Give each brief a unique shotcode before generation, or delivered assets cannot be matched back to the intended shot.","Internal data consistency, GEN AI SHOTCODES"
105,FMF,Fort McMurray Forest Fire,VERIFY,CTD_AI_FMF_Helicopter01; CTD_AI_FMF_Helicopter02; CTD_AI_FMF_Helicopter03; CTD_AI_FMF_Helicopter04,"The 1 May detection flight is specified as 'sun shining through overcast skies', with a yellow helicopter carrying a 245-gallon belly tank.","1 May 2016 sat under an omega-block ridge with record heat, single-digit humidity and strong winds — hot hazy sun, not overcast — and the documented initial-attack machines were Bell 407/212s making slung-bucket drops.","The Weather Network; Skies Magazine, 2016"
105,HSA,Hurricane Sandy,VERIFY,CTD_AI_HSA_SubwayDark01; CTD_AI_HSA_SubwayDark02; CTD_AI_HSA_SubwayDark03; CTD_AI_HSA_SubwayDark04; CTD_AI_HSA_SubwayDark05,"All five briefs show subway station lights physically cutting out at the '7pm' beat, treating the shutdown as a blackout.","The 7 pm Sunday 28 October event was Cuomo's suspension of subway, bus and rail service — stations stayed lit; darkness came the following night with the Con Edison outage and station flooding.","MTA service suspension order, 28 Oct 2012; NHC report AL182012"
105,HSA,Hurricane Sandy,VERIFY,CTD_AI_HSA_MomSurfing01; CTD_AI_HSA_MomSurfing02,"The briefs commit to specific visuals for the Tommy Woods anecdote — Belle Harbor, 4-ft floodwater, burning houses — but the anecdote could not be corroborated.","Confirm the source interview, location and water depth; Belle Harbor fires are documented (32 buildings lost on Newport Avenue), so the burning background is safe but the depth and street are not.","IAFSS, Fires During the 2012 Hurricane Sandy in Queens, 2013"
105,LND,Lake Nyos / Monoun Gas Disaster,FIX,CTD_AI_LND_NightTrucker; CTD_AI_LND_Hitting Smoke,"Both briefs read only 'POV of driver on rural road in Africa at night', which will generate a generic African savanna road.","The 15 August 1984 event is the Lake Monoun gas burst in Cameroon's West Region — the road runs through hilly, densely cultivated volcanic highlands near Njindoun, not savanna.","Sigurdsson et al., J. Volcanology and Geothermal Research, 1987"
105,LND,Lake Nyos / Monoun Gas Disaster,VERIFY,CTD_AI_LND_Hitting Smoke,The beat places the truck driving into the whitish cloud 'around 10:30 at night'.,"The report from the lake was heard about 22:30, but the deaths on the road — including the lorry carrying twelve people whose engine stalled — occurred between 03:00 and dawn.","Sigurdsson et al., 1987"
105,QIS,Quebec Ice Storm,VERIFY,CTD_AI_QIS_GoesDark01; CTD_AI_QIS_GoesDark02; CTD_AI_QIS_GoesDark03; CTD_AI_QIS_GoesDark04; CTD_AI_QIS_GoesDark05,"The Black Friday blackout shots specify settled post-storm conditions — snow, ice-coated trees, no falling precipitation — at the moment the Montreal grid fails.","The 9 January 1998 collapse happened during the third and final wave of freezing rain (78 mm over roughly 80 hours ending 10 January), so freezing rain or drizzle should probably still be falling.",Hydro-Québec ice storm chronology; Environment Canada
105,VDD,Vajont Dam Disaster,FIX,CTD_AI_VDD_WaterDisplaced01; CTD_AI_VDD_WaterDisplaced02; CTD_AI_VDD_WaterDisplaced03; CTD_AI_VDD_WaterOverDam01; CTD_AI_VDD_WaterOverDam02,The beat says the landslide pushed 'more than 270 million tons of water up and over the dam'.,270 million cubic metres is the volume of ROCK that fell into the reservoir; only about 25–50 million m³ of water overtopped the dam.,Italian Dept of Civil Protection; ASDSO Dam Failures case study
105,VDD,Vajont Dam Disaster,STYLE,CTD_AI_VDD_MicaelaInBed01; CTD_AI_VDD_LightsGoOut01; CTD_AI_VDD_LightsGoOut02; CTD_AI_VDD_LightsGoOut03; CTD_AI_VDD_MicaelaWashedOut01; CTD_AI_VDD_GrandmaClosesWindow01,"Within one continuous bedroom sequence the practical light changes fixture — bedside table lamp in some briefs, single ceiling lampshade in others.",Carry the bedside table lamp already established in the room description through the whole sequence.,Internal continuity
105,VDD,Vajont Dam Disaster,VERIFY,CTD_AI_VDD_Tsunami01; CTD_AI_VDD_Tsunami02; CTD_AI_VDD_Tsunami03,The beat specifies 'a nearly 500-foot tsunami wave' barrelling toward Longarone.,Published figures are water rising more than 330 ft above the dam crest and a flood wave roughly 230 ft deep at Longarone — 500 ft matches neither.,ASDSO Dam Failures and Lessons Learned
105,VDD,Vajont Dam Disaster,VERIFY,CTD_AI_VDD_MassiveLandslide01; CTD_AI_VDD_MassiveLandslide03; CTD_AI_VDD_LandslideIntoReservoir01; CTD_AI_VDD_Tsunami01; CTD_AI_VDD_WaterOverDam01,Every 9 October night brief is slugged 'Overcast. DARK.' with no precipitation.,"The collapse followed weeks of exceptional rain that drove the final acceleration of the slope, and accounts of that night describe rain in the valley — confirm whether rain should be falling.","Landslides (Springer), re-assessment of the 1963 Vaiont slide, 2018"
105,VDD,Vajont Dam Disaster,VERIFY,CTD_AI_VDD_HillSlipping01; CTD_AI_VDD_HillSlipping02; CTD_AI_VDD_HillSlipping03; CTD_AI_VDD_HillSlipping04,The beat states that 'by late September' engineers were seeing the mountain slip about eight inches a day.,"Movement was around 2 cm per day on 25 September 1963 and only reached about 20 cm a day in the first days of October, immediately before the collapse.",Italian official Vajont chronology
106,SCC,Surfside Condo Collapse,CLEAN,,"Checks out. Champlain Towers South was the first of the three towers, started 1979 and under construction through 1980, completed 1981, twelve storeys, L-shaped with a pool deck facing the beach.",,
107,ARR,Ashtabula River Railroad Disaster,VERIFY,CTD_AI_ARR_AshtabulaPort,"The only direction is 'AI: Ashtabula circa 1860' against a beat describing a port shipping iron ore and coal, which invites a busy ore-dock scene.",Around 1860 Ashtabula was still a modest Lake Erie schooner harbour; the large ore and coal dock operation developed only after the rail link was completed in 1873.,Historic Ashtabula Harbor Commercial District history
107,ISE,Imperial Sugar Explosion,CLEAN,,"Both briefs are AI/ARCHIVAL placeholders with no visual specifics, and the beats match the CSB investigation of the 7 February 2008 Port Wentworth blast.",,
107,SFD,Sewol Ferry Disaster,CLEAN,,An AI/ARCHIVAL placeholder with no visual specifics; the beat's progressive cargo shift to roughly a 40-degree list is consistent with the Korean investigation record of 16 April 2014.,,
