Date,Weekday,Column,Entry
2026-02-02,Mon,SHOOT DAYS,RESEARCH
2026-02-09,Mon,SHOOT DAYS,RESEARCH
2026-02-16,Mon,101,101 Outline
2026-02-17,Tues,101,101 Outline
2026-02-18,Wed,101,101 Outline
2026-02-19,Thurs,101,101 Outline
2026-02-20,Fri,101,101 Outline
2026-02-23,Mon,101,101 Script
2026-02-24,Tues,101,101 Script
2026-02-25,Wed,101,101 Script
2026-02-26,Thurs,101,101 Script
2026-02-27,Fri,101,101 Script
2026-03-02,Mon,101,101 Script
2026-03-02,Mon,102,102 Outline
2026-03-03,Tues,101,101 Script
2026-03-03,Tues,102,102 Outline
2026-03-04,Wed,101,101 Script
2026-03-04,Wed,102,102 Outline
2026-03-04,Wed,MISC NOTES,Interview Looks to History
2026-03-05,Thurs,101,101 Script
2026-03-05,Thurs,102,102 Outline
2026-03-06,Fri,101,101 Script
2026-03-06,Fri,102,102 Outline
2026-03-09,Mon,101,101 - Draft Script to History
2026-03-09,Mon,102,102 Outline
2026-03-10,Tues,101,101 Script
2026-03-10,Tues,102,102 Outline
2026-03-11,Wed,101,101 Script
2026-03-11,Wed,102,102 - Draft Outline to History
2026-03-12,Thurs,101,101 Script
2026-03-12,Thurs,102,102 Outline
2026-03-13,Fri,101,101 Script
2026-03-13,Fri,102,102 Outline
2026-03-16,Mon,102,102 Script
2026-03-16,Mon,103,103 Outline
2026-03-16,Mon,MISC NOTES,101 - Draft Script notes Due
2026-03-17,Tues,102,102 Script
2026-03-17,Tues,103,103 Outline
2026-03-18,Wed,102,102 Script
2026-03-18,Wed,103,103 Outline
2026-03-19,Thurs,102,102 Script
2026-03-19,Thurs,103,103 Outline
2026-03-20,Fri,102,102 Script
2026-03-20,Fri,103,103 Outline
2026-03-20,Fri,MISC NOTES,102 - Draft Outline Notes Due
2026-03-23,Mon,102,102 Script
2026-03-23,Mon,103,103 - Draft Outline to History
2026-03-23,Mon,104,104 Outline
2026-03-24,Tues,102,102 Script
2026-03-24,Tues,103,103 Outline
2026-03-24,Tues,104,104 Outline
2026-03-24,Tues,MISC NOTES,103 - Draft Outline Notes Due
2026-03-25,Wed,102,102 Script
2026-03-25,Wed,103,103 Outline
2026-03-25,Wed,104,104 Outline
2026-03-26,Thurs,102,102 Script
2026-03-26,Thurs,103,103 Outline
2026-03-26,Thurs,104,104 - Draft outline to History
2026-03-27,Fri,102,102 Script
2026-03-27,Fri,103,103 Outline
2026-03-27,Fri,104,104 Outline
2026-03-29,Sun,102,102 - Draft Script to History
2026-03-30,Mon,102,102 Script
2026-03-30,Mon,104,104 Outline
2026-03-31,Tues,102,102 Script
2026-03-31,Tues,104,104 Outline
2026-03-31,Tues,MISC NOTES,102 - Script Notes Due
2026-04-01,Wed,102,102 Script
2026-04-01,Wed,104,104 Outline
2026-04-02,Thurs,102,102 Script
2026-04-02,Thurs,104,104 Outline
2026-04-02,Thurs,MISC NOTES,104 - Draft outline notes due
2026-04-03,Fri,MISC NOTES,EASTER - CANADA
2026-04-06,Mon,SHOOT DAYS,Director Prep
2026-04-06,Mon,105,105 Outline
2026-04-06,Mon,106,106 Outline
2026-04-07,Tues,SHOOT DAYS,Director Prep
2026-04-07,Tues,105,105 Outline
2026-04-07,Tues,106,106 Outline
2026-04-08,Wed,SHOOT DAYS,Travel
2026-04-08,Wed,105,105 Outline
2026-04-08,Wed,106,106 Outline
2026-04-09,Thurs,SHOOT DAYS,Pre-Light
2026-04-09,Thurs,103,103 Script
2026-04-09,Thurs,104,104 Script
2026-04-09,Thurs,105,105 Outline
2026-04-09,Thurs,106,106 Outline
2026-04-10,Fri,SHOOT DAYS,SHOOT Ep 1/2
2026-04-10,Fri,103,103 Script
2026-04-10,Fri,104,104 Script
2026-04-10,Fri,105,105 Outline
2026-04-10,Fri,106,106 Outline
2026-04-11,Sat,SHOOT DAYS,SHOOT Ep 1/2
2026-04-12,Sun,SHOOT DAYS,SHOOT Ep 1/2
2026-04-12,Sun,105,105 - Draft Outline to History
2026-04-13,Mon,SHOOT DAYS,DOWN
2026-04-13,Mon,103,103 Script
2026-04-13,Mon,104,104 Script
2026-04-13,Mon,105,105 Outline
2026-04-13,Mon,106,106 Outline
2026-04-14,Tues,SHOOT DAYS,SHOOT Ep 1/2
2026-04-14,Tues,103,103 Script
2026-04-14,Tues,104,104 Script
2026-04-14,Tues,105,105 Outline
2026-04-14,Tues,106,106 Outline
2026-04-14,Tues,MISC NOTES,105 - Draft Outline notes due
2026-04-15,Wed,SHOOT DAYS,SHOOT Ep 1/2
2026-04-15,Wed,103,103 Script
2026-04-15,Wed,104,104 Script
2026-04-15,Wed,105,105 Outline
2026-04-15,Wed,106,106 - Draft outline to History
2026-04-16,Thurs,SHOOT DAYS,Travel
2026-04-16,Thurs,103,103 Script
2026-04-16,Thurs,104,104 Script
2026-04-16,Thurs,105,105 Outline
2026-04-16,Thurs,106,106 Outline
2026-04-17,Fri,103,103 Script
2026-04-17,Fri,104,104 Script
2026-04-17,Fri,105,105 Outline
2026-04-17,Fri,106,106 Outline
2026-04-17,Fri,MISC NOTES,106 - Draft outline Notes Due
2026-04-20,Mon,101,101 Edit Week 1
2026-04-20,Mon,103,103 Script
2026-04-20,Mon,104,104 Script
2026-04-20,Mon,105,105 Script
2026-04-20,Mon,106,106 Outline
2026-04-21,Tues,101,101 Edit Week 1
2026-04-21,Tues,103,103 Script
2026-04-21,Tues,104,104 Script
2026-04-21,Tues,105,105 Script
2026-04-21,Tues,106,106 Outline
2026-04-22,Wed,101,101 Edit Week 1
2026-04-22,Wed,103,103 Script
2026-04-22,Wed,104,104 Script
2026-04-22,Wed,105,105 Script
2026-04-22,Wed,106,106 Script
2026-04-23,Thurs,101,101 Edit Week 1
2026-04-23,Thurs,103,103 Script
2026-04-23,Thurs,104,104 Script
2026-04-23,Thurs,105,105 Script
2026-04-23,Thurs,106,106 Script
2026-04-24,Fri,101,101 Edit Week 1
2026-04-24,Fri,103,103 Script
2026-04-24,Fri,104,104 Script
2026-04-24,Fri,105,105 Script
2026-04-24,Fri,106,106 Script
2026-04-27,Mon,101,101 Edit Week 2
2026-04-27,Mon,103,103 Script
2026-04-27,Mon,104,104 Script
2026-04-27,Mon,105,105 Script
2026-04-27,Mon,106,106 Script
2026-04-27,Mon,107,107 Outline
2026-04-27,Mon,108,108 Outline
2026-04-28,Tues,101,101 Edit Week 2
2026-04-28,Tues,103,103 - Draft Script to History
2026-04-28,Tues,104,104 Script
2026-04-28,Tues,105,105 Script
2026-04-28,Tues,106,106 Script
2026-04-28,Tues,107,107 Outline
2026-04-28,Tues,108,108 Outline
2026-04-29,Wed,101,101 Edit Week 2
2026-04-29,Wed,103,103 Script
2026-04-29,Wed,104,104 Script
2026-04-29,Wed,105,105 Script
2026-04-29,Wed,106,106 Script
2026-04-29,Wed,107,107 Outline
2026-04-29,Wed,108,108 Outline
2026-04-30,Thurs,101,101 Edit Week 2
2026-04-30,Thurs,103,103 Script
2026-04-30,Thurs,104,104 - Draft Script to History
2026-04-30,Thurs,105,105 Script
2026-04-30,Thurs,106,106 Script
2026-04-30,Thurs,107,107 Outline
2026-04-30,Thurs,108,108 Outline
2026-04-30,Thurs,MISC NOTES,103 - Draft Script notes Due
2026-05-01,Fri,101,101 Edit Week 2
2026-05-01,Fri,103,103 Script
2026-05-01,Fri,104,108 Outline
2026-05-01,Fri,105,105 Script
2026-05-01,Fri,106,106 Script
2026-05-01,Fri,107,107 Outline
2026-05-01,Fri,108,108 Outline
2026-05-02,Sat,107,107 - Draft outline to History
2026-05-04,Mon,101,101 Edit Week 3
2026-05-04,Mon,103,103 - V2 Script to History
2026-05-04,Mon,104,108 Outline
2026-05-04,Mon,105,105 - Draft Script to History
2026-05-04,Mon,106,106 Script
2026-05-04,Mon,107,107 Outline
2026-05-04,Mon,108,108 Outline
2026-05-04,Mon,MISC NOTES,104 - Draft Script notes Due
2026-05-05,Tues,101,101 Edit Week 3
2026-05-05,Tues,104,104 Script
2026-05-05,Tues,105,105 Script
2026-05-05,Tues,106,106 Script
2026-05-05,Tues,107,107 Outline
2026-05-05,Tues,108,108 - Draft outline to History
2026-05-05,Tues,MISC NOTES,107 - Draft Outline notes due
2026-05-06,Wed,101,101 Edit Week 3
2026-05-06,Wed,104,104 Script
2026-05-06,Wed,105,105 Script
2026-05-06,Wed,106,106 Script
2026-05-06,Wed,107,107 Outline
2026-05-06,Wed,108,108 Outline
2026-05-07,Thurs,101,101 Edit Week 3
2026-05-07,Thurs,104,104 - V2 Script to History
2026-05-07,Thurs,105,105 Script
2026-05-07,Thurs,106,106 - Draft Script to History
2026-05-07,Thurs,107,107 Outline
2026-05-07,Thurs,108,108 Outline
2026-05-07,Thurs,MISC NOTES,105 - Draft Script notes Due
2026-05-08,Fri,101,101 Edit Week 3
2026-05-08,Fri,105,105 Script
2026-05-08,Fri,106,106 Script
2026-05-08,Fri,107,107 Outline
2026-05-08,Fri,108,108 Outline
2026-05-08,Fri,MISC NOTES,108 - Draft Outline notes due
2026-05-11,Mon,101,101 Edit Week 4
2026-05-11,Mon,106,106 Script
2026-05-11,Mon,107,107 Script
2026-05-11,Mon,108,108 Script
2026-05-12,Tues,101,101 Edit Week 4
2026-05-12,Tues,106,106 Script
2026-05-12,Tues,107,107 Script
2026-05-12,Tues,108,108 Script
2026-05-12,Tues,MISC NOTES,106 - Draft Script notes Due
2026-05-13,Wed,AI ASSETS,102 1st Requests
2026-05-13,Wed,101,101 Edit Week 4
2026-05-13,Wed,102,Edit Prep
2026-05-13,Wed,107,107 Script
2026-05-13,Wed,108,108 Script
2026-05-14,Thurs,SHOOT DAYS,Director Prep
2026-05-14,Thurs,AI ASSETS,102 1st Requests
2026-05-14,Thurs,101,101 Edit Week 4
2026-05-14,Thurs,102,Edit Prep
2026-05-14,Thurs,107,107 Script
2026-05-14,Thurs,108,108 Script
2026-05-15,Fri,SHOOT DAYS,Director Prep
2026-05-15,Fri,AI ASSETS,102 1st Requests
2026-05-15,Fri,101,101 Edit Week 4
2026-05-15,Fri,102,Edit Prep
2026-05-15,Fri,107,107 Script
2026-05-15,Fri,108,108 Script
2026-05-16,Sat,SHOOT DAYS,TRAVEL
2026-05-17,Sun,SHOOT DAYS,PRE-LIGHT
2026-05-18,Mon,SHOOT DAYS,SHOOT Ep 3/4
2026-05-18,Mon,MISC NOTES,VICTORIA DAY - CAN
2026-05-19,Tues,SHOOT DAYS,SHOOT Ep 3/4
2026-05-19,Tues,AI ASSETS,102 1st Requests
2026-05-19,Tues,101,101 Edit Week 5
2026-05-19,Tues,102,Edit Prep
2026-05-19,Tues,107,107 Script
2026-05-19,Tues,108,108 Script
2026-05-20,Wed,SHOOT DAYS,SHOOT Ep 3/4
2026-05-20,Wed,AI ASSETS,102 1st Requests
2026-05-20,Wed,101,101 Edit Week 5
2026-05-20,Wed,102,Edit Prep
2026-05-20,Wed,107,107 Script
2026-05-20,Wed,108,108 Script
2026-05-21,Thurs,SHOOT DAYS,DOWN
2026-05-21,Thurs,101,101 Edit Week 5
2026-05-21,Thurs,102,102 Edit Week 1
2026-05-21,Thurs,107,107 Script
2026-05-21,Thurs,108,108 Script
2026-05-22,Fri,SHOOT DAYS,SHOOT Ep 3/4
2026-05-22,Fri,101,101 Edit Week 5
2026-05-22,Fri,102,102 Edit Week 1
2026-05-22,Fri,107,107 Script
2026-05-22,Fri,108,108 Script
2026-05-23,Sat,SHOOT DAYS,SHOOT Ep 3/4
2026-05-24,Sun,SHOOT DAYS,TRAVEL
2026-05-25,Mon,AI ASSETS,101 2nd Delivery DUE
2026-05-25,Mon,101,101 Edit Week 6
2026-05-25,Mon,102,102 Edit Week 1
2026-05-25,Mon,107,107 Script
2026-05-25,Mon,108,108 Script
2026-05-25,Mon,MISC NOTES,MEMORIAL DAY - USA
2026-05-26,Tues,101,101 Edit Week 6
2026-05-26,Tues,102,102 Edit Week 1
2026-05-26,Tues,107,107 Script
2026-05-26,Tues,108,108 Script
2026-05-27,Wed,101,101 Edit Week 6
2026-05-27,Wed,102,102 Edit Week 1
2026-05-27,Wed,107,107 Script
2026-05-27,Wed,108,108 Script
2026-05-28,Thurs,101,101 Edit Week 6
2026-05-28,Thurs,102,102 Edit Week 2
2026-05-28,Thurs,107,107 - Draft Script to History
2026-05-28,Thurs,108,108 - Draft Script to History
2026-05-29,Fri,101,101 IRC1 Due
2026-05-29,Fri,102,102 Edit Week 2
2026-05-29,Fri,107,107 Script
2026-05-29,Fri,108,108 Script
2026-05-29,Fri,MISC NOTES,108 - Draft Script notes Due
2026-06-01,Mon,AI ASSETS,103 1st Requests
2026-06-01,Mon,101,101 Edit Week 7
2026-06-01,Mon,102,102 Edit Week 2
2026-06-01,Mon,103,103 Edit Prep
2026-06-01,Mon,108,108 Script
2026-06-01,Mon,MISC NOTES,107 - Draft Script notes due
2026-06-02,Tues,AI ASSETS,103/104 1st Requests
2026-06-02,Tues,101,101 RC1 Due
2026-06-02,Tues,102,102 Edit Week 2
2026-06-02,Tues,103,103 Edit Prep
2026-06-02,Tues,104,104 Edit Prep
2026-06-02,Tues,MISC NOTES,101 RC1 Due
2026-06-03,Wed,AI ASSETS,103/104 1st Requests
2026-06-03,Wed,101,DOWN
2026-06-03,Wed,102,102 Edit Week 2
2026-06-03,Wed,103,103 Edit Prep
2026-06-03,Wed,104,104 Edit Prep
2026-06-04,Thurs,AI ASSETS,103/104 1st Requests
2026-06-04,Thurs,101,DOWN
2026-06-04,Thurs,102,102 Edit Week 3
2026-06-04,Thurs,103,103 Edit Prep
2026-06-04,Thurs,104,104 Edit Prep
2026-06-05,Fri,AI ASSETS,103/104 1st Requests
2026-06-05,Fri,101,DOWN
2026-06-05,Fri,102,102 Edit Week 3
2026-06-05,Fri,103,103 Edit Prep
2026-06-05,Fri,104,104 Edit Prep
2026-06-05,Fri,MISC NOTES,101 RC1 - History/Corus/Legal Notes Due
2026-06-08,Mon,AI ASSETS,104 1st Requests
2026-06-08,Mon,101,DOWN
2026-06-08,Mon,102,102 Edit Week 3
2026-06-08,Mon,103,103 Edit Week 1
2026-06-08,Mon,104,Edit Prep
2026-06-09,Tues,101,DOWN
2026-06-09,Tues,102,102 Edit Week 3
2026-06-09,Tues,103,103 Edit Week 1
2026-06-10,Wed,101,DOWN
2026-06-10,Wed,102,102 Edit Week 3
2026-06-10,Wed,103,103 Edit Week 1
2026-06-10,Wed,104,104 Edit Week 1
2026-06-11,Thurs,101,101 Edit Week 7
2026-06-11,Thurs,102,102 Edit Week 4
2026-06-11,Thurs,103,103 Edit Week 1
2026-06-11,Thurs,104,104 Edit Week 1
2026-06-12,Fri,101,101 Edit Week 7
2026-06-12,Fri,102,102 Edit Week 4
2026-06-12,Fri,103,103 Edit Week 1
2026-06-14,Sun,104,104 Edit Week 1
2026-06-15,Mon,101,101 Edit Week 7
2026-06-15,Mon,102,102 Edit Week 4
2026-06-15,Mon,103,103 Edit Week 2
2026-06-16,Tues,AI ASSETS,102 2nd Delivery DUE
2026-06-16,Tues,101,101 Edit Week 8
2026-06-16,Tues,102,102 Edit Week 4
2026-06-16,Tues,103,103 Edit Week 2
2026-06-17,Wed,101,101 Edit Week 8
2026-06-17,Wed,102,102 Edit Week 4
2026-06-17,Wed,103,103 Edit Week 2
2026-06-17,Wed,104,104 Edit Week 1
2026-06-18,Thurs,101,101 Edit Week 8
2026-06-18,Thurs,102,102 Edit Week 5
2026-06-18,Thurs,103,103 Edit Week 2
2026-06-18,Thurs,104,104 Edit Week 1
2026-06-19,Fri,101,101 Edit Week 8
2026-06-19,Fri,102,102 Edit Week 5
2026-06-19,Fri,103,103 Edit Week 2
2026-06-19,Fri,104,104 Edit Week 2
2026-06-19,Fri,MISC NOTES,JUNETEENTH - USA
2026-06-20,Sat,102,102 Edit Week 5
2026-06-21,Sun,101,101 Edit Week 8
2026-06-21,Sun,102,102 Edit Week 5
2026-06-22,Mon,101,101 Edit Week 9
2026-06-22,Mon,102,102 Edit Week 5
2026-06-22,Mon,103,103 Edit Week 3
2026-06-22,Mon,104,104 Edit Week 2
2026-06-23,Tues,101,101 Edit Week 9
2026-06-23,Tues,102,102 Edit Week 6
2026-06-23,Tues,103,103 Edit Week 3
2026-06-23,Tues,104,104 Edit Week 2
2026-06-24,Wed,101,101 Edit Week 9
2026-06-24,Wed,102,102 Edit Week 6
2026-06-24,Wed,103,103 Edit Week 3
2026-06-25,Thurs,SHOOT DAYS,Director Prep
2026-06-25,Thurs,101,101 IRC2 Due
2026-06-25,Thurs,102,102 Edit Week 6
2026-06-25,Thurs,103,103 Edit Week 3
2026-06-26,Fri,SHOOT DAYS,Director Prep
2026-06-26,Fri,101,101 RC2 Due
2026-06-26,Fri,102,102 Edit Week 6
2026-06-26,Fri,103,103 Edit Week 3
2026-06-26,Fri,104,104 Edit Week 2
2026-06-26,Fri,MISC NOTES,101 RC2 Due
2026-06-28,Sun,SHOOT DAYS,TRAVEL
2026-06-28,Sun,103,103 Edit Week 4
2026-06-28,Sun,104,104 Edit Week 2
2026-06-28,Sun,MISC NOTES 2,Debbie OOO
2026-06-29,Mon,SHOOT DAYS,Pre-Light
2026-06-29,Mon,101,DOWN
2026-06-29,Mon,102,102 IRC1 Due
2026-06-29,Mon,103,103 Edit Week 4
2026-06-29,Mon,104,104 Edit Week 3
2026-06-29,Mon,MISC NOTES 2,Debbie OOO
2026-06-30,Tues,SHOOT DAYS,SHOOT Ep 5-8
2026-06-30,Tues,101,DOWN
2026-06-30,Tues,102,102 Edit Week 7
2026-06-30,Tues,103,103 Edit Week 4
2026-06-30,Tues,104,104 Edit Week 3
2026-06-30,Tues,MISC NOTES,101 RC2 - History/Corus/Legal Notes Due
2026-06-30,Tues,MISC NOTES 2,Debbie OOO
2026-07-01,Wed,SHOOT DAYS,SHOOT Ep 5-8
2026-07-01,Wed,101,DOWN
2026-07-01,Wed,102,102 RC1 Due
2026-07-01,Wed,103,DOWN
2026-07-01,Wed,MISC NOTES,CANADA DAY / 102 RC1 Due
2026-07-01,Wed,MISC NOTES 2,Debbie OOO
2026-07-02,Thurs,SHOOT DAYS,SHOOT Ep 5-8
2026-07-02,Thurs,AI ASSETS,103 2nd Delivery DUE
2026-07-02,Thurs,101,DOWN
2026-07-02,Thurs,102,DOWN
2026-07-02,Thurs,103,103 Edit Week 4
2026-07-02,Thurs,104,104 Edit Week 3
2026-07-02,Thurs,MISC NOTES 2,Debbie OOO
2026-07-03,Fri,SHOOT DAYS,SHOOT Ep 5-8
2026-07-03,Fri,101,DOWN
2026-07-03,Fri,102,DOWN
2026-07-03,Fri,103,103 Edit Week 4
2026-07-03,Fri,104,DOWN
2026-07-03,Fri,MISC NOTES,INDEPENDENCE DAY - USA CANADA DAY REPLACEMENT HOLIDAY
2026-07-03,Fri,MISC NOTES 2,Debbie OOO
2026-07-04,Sat,SHOOT DAYS,DOWN
2026-07-04,Sat,MISC NOTES 2,Debbie OOO
2026-07-05,Sun,SHOOT DAYS,SHOOT Ep 5-8
2026-07-05,Sun,104,104 Edit Week 3
2026-07-05,Sun,MISC NOTES 2,Debbie OOO
2026-07-06,Mon,SHOOT DAYS,SHOOT Ep 5-8
2026-07-06,Mon,101,101 Edit Week 10
2026-07-06,Mon,102,DOWN
2026-07-06,Mon,103,103 Edit Week 5
2026-07-06,Mon,104,104 Edit Week 3
2026-07-06,Mon,MISC NOTES,102 RC1 - History/Corus/Legal Notes Due
2026-07-06,Mon,MISC NOTES 2,Debbie OOO
2026-07-06,Mon,MISC NOTES 3,Ian off
2026-07-07,Tues,SHOOT DAYS,SHOOT Ep 5-8
2026-07-07,Tues,101,101 Edit Week 10
2026-07-07,Tues,102,SE Edit Prep
2026-07-07,Tues,103,103 Edit Week 5
2026-07-07,Tues,104,104 Edit Week 4
2026-07-07,Tues,MISC NOTES 2,Debbie OOO
2026-07-07,Tues,MISC NOTES 3,Ian off
2026-07-08,Wed,SHOOT DAYS,SHOOT Ep 5-8
2026-07-08,Wed,101,101 Edit Week 10
2026-07-08,Wed,102,SE Edit Prep
2026-07-08,Wed,103,103 Edit Week 5
2026-07-08,Wed,104,104 Edit Week 4
2026-07-08,Wed,MISC NOTES 2,Debbie OOO
2026-07-08,Wed,MISC NOTES 3,Ian off
2026-07-09,Thurs,SHOOT DAYS,SHOOT Ep 5-8
2026-07-09,Thurs,101,101 IFC Due
2026-07-09,Thurs,102,102 Edit Week 7
2026-07-09,Thurs,103,103 Edit Week 5
2026-07-09,Thurs,104,104 Edit Week 4
2026-07-09,Thurs,MISC NOTES 2,Debbie OOO
2026-07-09,Thurs,MISC NOTES 3,Ian off
2026-07-10,Fri,SHOOT DAYS,SHOOT Ep 5-8
2026-07-10,Fri,AI ASSETS,104 2nd Delivery DUE
2026-07-10,Fri,101,101 Edit Week 10
2026-07-10,Fri,102,102 Edit Week 7
2026-07-10,Fri,103,103 Edit Week 5
2026-07-10,Fri,104,104 Edit Week 4
2026-07-10,Fri,MISC NOTES 2,Debbie OOO
2026-07-10,Fri,MISC NOTES 3,Ian off
2026-07-11,Sat,SHOOT DAYS,SHOOT Ep 5-8
2026-07-11,Sat,MISC NOTES 2,Debbie OOO
2026-07-12,Sun,SHOOT DAYS,TRAVEL
2026-07-12,Sun,MISC NOTES 2,Debbie OOO
2026-07-13,Mon,AI ASSETS,105 1st Requests
2026-07-13,Mon,101,101 FC Due
2026-07-13,Mon,102,102 Edit Week 7
2026-07-13,Mon,103,103 Edit Week 6
2026-07-13,Mon,104,104 Edit Week 5
2026-07-13,Mon,105,105 Edit Prep
2026-07-13,Mon,MISC NOTES,101 FC Due
2026-07-13,Mon,MISC NOTES 2,Debbie OOO
2026-07-14,Tues,AI ASSETS,105 1st Requests
2026-07-14,Tues,101,101 Edit Week 11
2026-07-14,Tues,102,102 Edit Week 8
2026-07-14,Tues,103,103 IRC1 Due
2026-07-14,Tues,104,104 Edit Week 5
2026-07-14,Tues,105,105 Edit Prep
2026-07-15,Wed,AI ASSETS,105 1st Requests
2026-07-15,Wed,101,DOWN
2026-07-15,Wed,102,102 Edit Week 8
2026-07-15,Wed,103,103 Edit Week 6
2026-07-15,Wed,104,104 Edit Week 5
2026-07-15,Wed,105,105 Edit Prep
2026-07-16,Thurs,AI ASSETS,105 1st Requests
2026-07-16,Thurs,101,DOWN
2026-07-16,Thurs,102,102 Edit Week 8
2026-07-16,Thurs,103,103 Edit Week 6
2026-07-16,Thurs,104,104 Edit Week 5
2026-07-16,Thurs,105,105 Edit Prep
2026-07-16,Thurs,MISC NOTES,101 FC - History/Corus/Legal Notes Due
2026-07-17,Fri,AI ASSETS,105 1st Requests
2026-07-17,Fri,101,DOWN
2026-07-17,Fri,102,102 Edit Week 8
2026-07-17,Fri,103,103 Edit Week 6
2026-07-17,Fri,104,104 Edit Week 5
2026-07-17,Fri,105,105 Edit Prep
2026-07-17,Fri,MISC NOTES 2,Beata off
2026-07-18,Sat,MISC NOTES 2,Beata off
2026-07-19,Sun,MISC NOTES 2,Beata off
2026-07-20,Mon,101,101 Edit Week 11
2026-07-20,Mon,102,102 Edit Week 8
2026-07-20,Mon,103,103 Edit Week 7
2026-07-20,Mon,104,104 Edit Week 6
2026-07-20,Mon,MISC NOTES 2,Beata off
2026-07-21,Tues,101,101 Edit Week 11
2026-07-21,Tues,102,102 Edit Week 9
2026-07-21,Tues,103,103 RC1 Due
2026-07-21,Tues,104,104 IRC1 Due
2026-07-21,Tues,MISC NOTES,103 RC1 Due
2026-07-21,Tues,MISC NOTES 2,Beata off
2026-07-22,Wed,101,101 IPL Due
2026-07-22,Wed,102,102 Edit Week 9
2026-07-22,Wed,103,105 Edit Week 1
2026-07-22,Wed,104,104 Edit Week 6
2026-07-22,Wed,MISC NOTES 2,Beata off
2026-07-23,Thurs,101,101 Edit Week 12
2026-07-23,Thurs,102,102 Edit Week 9
2026-07-23,Thurs,103,105 Edit Week 1
2026-07-23,Thurs,104,104 Edit Week 6
2026-07-23,Thurs,MISC NOTES,103 RC1 - History/Corus/Legal Notes Due
2026-07-23,Thurs,MISC NOTES 2,Beata off
2026-07-24,Fri,101,101 PL Due
2026-07-24,Fri,102,102 Edit Week 9
2026-07-24,Fri,103,105 Edit Week 1
2026-07-24,Fri,104,104 Edit Week 6
2026-07-24,Fri,MISC NOTES,101 PL Due & 104 RC1 Due
2026-07-24,Fri,MISC NOTES 2,Beata off
2026-07-25,Sat,102,102 Edit Week 9
2026-07-25,Sat,MISC NOTES 2,Beata off
2026-07-26,Sun,102,102 Edit Week 10
2026-07-26,Sun,MISC NOTES 2,Beata off
2026-07-27,Mon,102,102 IFC Due
2026-07-27,Mon,103,103 Edit Week 7
2026-07-27,Mon,104,104 RC1 Due
2026-07-27,Mon,105,105 Edit Week 1
2026-07-27,Mon,MISC NOTES 2,Beata off
2026-07-27,Mon,MISC NOTES 3,Marty off
2026-07-28,Tues,102,102 Edit Week 10
2026-07-28,Tues,103,103 Edit Week 7
2026-07-28,Tues,104,DOWN
2026-07-28,Tues,105,105 Edit Week 1
2026-07-28,Tues,MISC NOTES 2,Beata off
2026-07-28,Tues,MISC NOTES 3,Marty off
2026-07-29,Wed,102,102 FC Due
2026-07-29,Wed,103,103 Edit Week 7
2026-07-29,Wed,104,104 Edit Prep
2026-07-29,Wed,105,105 Edit Week 2
2026-07-29,Wed,MISC NOTES,102 FC Due & 104 RC1 - History/Corus/Legal Notes Due
2026-07-29,Wed,MISC NOTES 2,Beata off
2026-07-29,Wed,MISC NOTES 3,Marty off
2026-07-30,Thurs,AI ASSETS,106 1st Requests
2026-07-30,Thurs,102,DOWN
2026-07-30,Thurs,103,103 Edit Week 8
2026-07-30,Thurs,104,104 Edit Prep
2026-07-30,Thurs,105,105 Edit Week 2
2026-07-30,Thurs,106,106 Edit Prep
2026-07-30,Thurs,MISC NOTES 2,Beata off
2026-07-30,Thurs,MISC NOTES 3,Marty off
2026-07-31,Fri,AI ASSETS,106 1st Requests
2026-07-31,Fri,102,DOWN
2026-07-31,Fri,103,103 Edit Week 8
2026-07-31,Fri,104,104 Edit Prep
2026-07-31,Fri,105,105 Edit Week 2
2026-07-31,Fri,106,106 Edit Prep
2026-07-31,Fri,MISC NOTES,102 FC History/Corus/Legal Notes Due
2026-07-31,Fri,MISC NOTES 2,Beata off
2026-07-31,Fri,MISC NOTES 3,Marty off
2026-07-31,Fri,MISC NOTES 4,Brooks off
2026-08-02,Sun,104,104 Edit Week 7
2026-08-03,Mon,101,DOWN
2026-08-03,Mon,102,DOWN
2026-08-03,Mon,103,103 Edit Week 8
2026-08-03,Mon,104,DOWN
2026-08-03,Mon,105,DOWN
2026-08-03,Mon,MISC NOTES,CIVIC HOLIDAY - CAN
2026-08-04,Tues,101,101 Conform
2026-08-04,Tues,102,102 Edit Week 10
2026-08-04,Tues,103,103 Edit Week 8
2026-08-04,Tues,104,104 Edit Week 7
2026-08-04,Tues,105,105 Edit Week 2
2026-08-05,Wed,AI ASSETS,106 1st Requests
2026-08-05,Wed,101,101 Conform
2026-08-05,Wed,102,102 Edit Week 11
2026-08-05,Wed,103,103 IFC Due
2026-08-05,Wed,104,104 Edit Week 7
2026-08-05,Wed,105,105 Edit Week 2
2026-08-06,Thurs,AI ASSETS,106 1st Requests
2026-08-06,Thurs,101,101 VO
2026-08-06,Thurs,102,102 IPL Due
2026-08-06,Thurs,103,103 Edit Week 9
2026-08-06,Thurs,104,104 Edit Week 7
2026-08-06,Thurs,105,105 Edit Week 3
2026-08-06,Thurs,106,106 Edit Prep?
2026-08-06,Thurs,MISC NOTES 2,Matt Booi Off
2026-08-07,Fri,AI ASSETS,106 1st Requests
2026-08-07,Fri,101,101 Conform
2026-08-07,Fri,102,102 Edit Week 11
2026-08-07,Fri,103,103 FC Due
2026-08-07,Fri,104,104 Edit Week 7
2026-08-07,Fri,105,105 Edit Week 3
2026-08-07,Fri,106,106 Edit Prep?
2026-08-07,Fri,MISC NOTES,103 FC Due
2026-08-07,Fri,MISC NOTES 2,Matt Booi Off
2026-08-07,Fri,MISC NOTES 3,Max Off
2026-08-08,Sat,105,105 Edit Week 3
2026-08-08,Sat,MISC NOTES 2,Matt Booi Off
2026-08-08,Sat,MISC NOTES 3,Max Off
2026-08-09,Sun,MISC NOTES 2,Matt Booi Off
2026-08-09,Sun,MISC NOTES 3,Max Off
2026-08-10,Mon,AI ASSETS,107 1st Requests
2026-08-10,Mon,101,101 Conform
2026-08-10,Mon,102,102 Edit Week 11
2026-08-10,Mon,103,105 Edit Week 4
2026-08-10,Mon,104,104 Edit Week 8
2026-08-10,Mon,105,105 Edit Week 3
2026-08-10,Mon,107,107 Edit Prep
2026-08-10,Mon,MISC NOTES,102 PL Due
2026-08-10,Mon,MISC NOTES 2,Matt Booi Off
2026-08-10,Mon,MISC NOTES 3,Tim Off
2026-08-11,Tues,AI ASSETS,107 1st Requests
2026-08-11,Tues,101,101 Conform
2026-08-11,Tues,102,102 Edit Week 11
2026-08-11,Tues,103,DOWN
2026-08-11,Tues,104,104 Edit Week 8
2026-08-11,Tues,105,105 Edit Week 3
2026-08-11,Tues,107,107 Edit Prep
2026-08-11,Tues,MISC NOTES 2,Matt Booi Off
2026-08-11,Tues,MISC NOTES 3,Max Off
2026-08-12,Wed,AI ASSETS,107 1st Requests
2026-08-12,Wed,101,101 Conform
2026-08-12,Wed,102,102 PL Due
2026-08-12,Wed,103,DOWN
2026-08-12,Wed,104,104 Edit Week 8
2026-08-12,Wed,105,105 Edit Week 4
2026-08-12,Wed,107,107 Edit Prep
2026-08-12,Wed,MISC NOTES,103 FC - History/Corus/Legal Notes Due
2026-08-12,Wed,MISC NOTES 2,Matt Booi Off
2026-08-12,Wed,MISC NOTES 3,Max Off (am only)
2026-08-13,Thurs,AI ASSETS,107 1st Requests
2026-08-13,Thurs,101,101 Conform
2026-08-13,Thurs,103,DOWN
2026-08-13,Thurs,104,104 Edit Week 8
2026-08-13,Thurs,105,105 Edit Week 4
2026-08-13,Thurs,106,106 Edit Prep
2026-08-13,Thurs,107,107 Edit Prep
2026-08-13,Thurs,MISC NOTES 2,Matt Booi Off
2026-08-14,Fri,AI ASSETS,105 2nd Delivery DUE
2026-08-14,Fri,101,101 Conform
2026-08-14,Fri,102,102 VO
2026-08-14,Fri,103,103 VO
2026-08-14,Fri,104,104 IFC Due
2026-08-14,Fri,105,105 Edit Week 4
2026-08-14,Fri,106,106 Edit Prep
2026-08-14,Fri,107,107 Edit Prep
2026-08-14,Fri,MISC NOTES 2,Matt Booi Off
2026-08-14,Fri,MISC NOTES 3,Steph Off
2026-08-15,Sat,MISC NOTES 2,Steph off
2026-08-16,Sun,108,108 Edit Prep
2026-08-16,Sun,MISC NOTES 2,Steph off
2026-08-17,Mon,AI ASSETS,108 1st Requests
2026-08-17,Mon,101,Looks Session
2026-08-17,Mon,102,102 Conform
2026-08-17,Mon,103,103 Edit Week 9
2026-08-17,Mon,104,DOWN
2026-08-17,Mon,105,105 Edit Week 4
2026-08-17,Mon,106,106 Edit Week 1
2026-08-17,Mon,108,108 Edit Prep
2026-08-17,Mon,MISC NOTES 2,Steph off
2026-08-18,Tues,AI ASSETS,108 1st Requests
2026-08-18,Tues,101,101 Colour/Mix/Online
2026-08-18,Tues,102,102 Conform
2026-08-18,Tues,103,103 Edit Week 9
2026-08-18,Tues,104,DOWN
2026-08-18,Tues,105,105 Edit Week 5
2026-08-18,Tues,106,106 Edit Week 1
2026-08-18,Tues,108,108 Edit Prep
2026-08-18,Tues,MISC NOTES 2,Steph off
2026-08-19,Wed,AI ASSETS,108 1st Requests
2026-08-19,Wed,101,101 Colour/Mix/Online
2026-08-19,Wed,102,102 Conform
2026-08-19,Wed,103,103 IPL Due
2026-08-19,Wed,104,104 Edit Week 8
2026-08-19,Wed,105,105 Edit Week 5
2026-08-19,Wed,106,106 Edit Week 1
2026-08-19,Wed,108,DOWN
2026-08-19,Wed,MISC NOTES 2,Steph off
2026-08-19,Wed,MISC NOTES 4,Will Off
2026-08-20,Thurs,AI ASSETS,108 1st Requests
2026-08-20,Thurs,101,101 Colour/Mix/Online
2026-08-20,Thurs,102,102 Conform
2026-08-20,Thurs,103,103 Edit Week 10
2026-08-20,Thurs,104,104 FC Due
2026-08-20,Thurs,105,105 Edit Week 5
2026-08-20,Thurs,106,106 Edit Week 1
2026-08-20,Thurs,108,DOWN
2026-08-20,Thurs,MISC NOTES,104 FC Due
2026-08-20,Thurs,MISC NOTES 2,Steph off
2026-08-20,Thurs,MISC NOTES 4,Will Off
2026-08-21,Fri,AI ASSETS,108 1st Requests
2026-08-21,Fri,101,Online/Colour Review QT (EOD)
2026-08-21,Fri,102,102 Conform
2026-08-21,Fri,103,103 PL Due
2026-08-21,Fri,104,DOWN
2026-08-21,Fri,105,105 Edit Week 5
2026-08-21,Fri,106,106 Edit Week 1
2026-08-21,Fri,108,108 Edit Prep
2026-08-21,Fri,MISC NOTES,103 PL Due
2026-08-21,Fri,MISC NOTES 2,Steph off
2026-08-21,Fri,MISC NOTES 3,Tim Off
2026-08-21,Fri,MISC NOTES 4,Will Off
2026-08-21,Fri,MISC NOTES 5,Andrew off
2026-08-22,Sat,MISC NOTES 2,Steph off
2026-08-22,Sat,MISC NOTES 5,Andrew off
2026-08-23,Sun,MISC NOTES 2,Steph off
2026-08-23,Sun,MISC NOTES 5,Andrew off
2026-08-24,Mon,101,101 Colour/Mix/Online
2026-08-24,Mon,102,102 Conform
2026-08-24,Mon,103,DOWN
2026-08-24,Mon,104,DOWN
2026-08-24,Mon,105,105 Edit Week 5
2026-08-24,Mon,106,106 Edit Week 2
2026-08-24,Mon,107,107 Edit Week 1
2026-08-24,Mon,108,108 Edit Week 1
2026-08-24,Mon,MISC NOTES 2,Steph off
2026-08-24,Mon,MISC NOTES 3,Lara off
2026-08-24,Mon,MISC NOTES 5,Andrew off
2026-08-25,Tues,101,Online/Colour Review
2026-08-25,Tues,102,102 Conform
2026-08-25,Tues,103,DOWN
2026-08-25,Tues,104,DOWN
2026-08-25,Tues,105,105 Edit Week 6
2026-08-25,Tues,106,106 Edit Week 2
2026-08-25,Tues,107,107 Edit Week 1
2026-08-25,Tues,108,108 Edit Week 1
2026-08-25,Tues,MISC NOTES,104 FC - History/Corus/Legal Notes Due
2026-08-25,Tues,MISC NOTES 2,Steph off
2026-08-25,Tues,MISC NOTES 3,Lara off
2026-08-25,Tues,MISC NOTES 5,Andrew off
2026-08-26,Wed,101,Mix Review QT (EOD)
2026-08-26,Wed,102,102 Conform
2026-08-26,Wed,103,DOWN
2026-08-26,Wed,104,DOWN
2026-08-26,Wed,105,105 IRC1 Due
2026-08-26,Wed,106,106 Edit Week 2
2026-08-26,Wed,107,107 Edit Week 1
2026-08-26,Wed,108,108 Edit Week 1
2026-08-26,Wed,MISC NOTES 2,Steph off
2026-08-26,Wed,MISC NOTES 3,Lara off
2026-08-26,Wed,MISC NOTES 5,Andrew off
2026-08-27,Thurs,101,101 Colour/Mix/Online
2026-08-27,Thurs,102,102 Conform
2026-08-27,Thurs,103,DOWN
2026-08-27,Thurs,104,DOWN
2026-08-27,Thurs,105,105 Edit Week 6
2026-08-27,Thurs,106,106 Edit Week 2
2026-08-27,Thurs,107,107 Edit Week 1
2026-08-27,Thurs,108,108 Edit Week 1
2026-08-27,Thurs,MISC NOTES 2,Steph off
2026-08-27,Thurs,MISC NOTES 3,Lara off
2026-08-27,Thurs,MISC NOTES 5,Andrew off
2026-08-28,Fri,101,Mix Review
2026-08-28,Fri,102,102 Conform
2026-08-28,Fri,103,DOWN
2026-08-28,Fri,104,DOWN
2026-08-28,Fri,105,105 Edit Week 6
2026-08-28,Fri,106,106 Edit Week 2
2026-08-28,Fri,107,107 Edit Week 1
2026-08-28,Fri,108,108 Edit Week 1
2026-08-28,Fri,MISC NOTES 2,Steph off
2026-08-28,Fri,MISC NOTES 3,Lara off
2026-08-28,Fri,MISC NOTES 5,Andrew off
2026-08-29,Sat,MISC NOTES 2,Steph off
2026-08-29,Sat,MISC NOTES 5,Andrew off
2026-08-30,Sun,106,106 Edit Week 3
2026-08-30,Sun,107,107 Edit Week 2
2026-08-30,Sun,108,108 Edit Week 2
2026-08-30,Sun,MISC NOTES 2,Steph off
2026-08-30,Sun,MISC NOTES 5,Andrew off
2026-08-31,Mon,101,101 Accessibility
2026-08-31,Mon,102,102 Colour/Mix/Online
2026-08-31,Mon,103,103 Conform
2026-08-31,Mon,104,104 Edit Week 9
2026-08-31,Mon,105,105 RC1 Due
2026-08-31,Mon,106,106 Edit Week 3
2026-08-31,Mon,107,107 Edit Week 2
2026-08-31,Mon,108,DOWN
2026-08-31,Mon,MISC NOTES,105 RC1 Due
2026-08-31,Mon,MISC NOTES 5,Andrew off
2026-09-01,Tues,101,101 Accessibility
2026-09-01,Tues,102,102 Colour/Mix/Online
2026-09-01,Tues,103,103 Conform
2026-09-01,Tues,104,104 Edit Week 9
2026-09-01,Tues,105,DOWN
2026-09-01,Tues,106,106 Edit Week 3
2026-09-01,Tues,107,107 Edit Week 2
2026-09-01,Tues,108,DOWN
2026-09-01,Tues,MISC NOTES 5,Andrew off
2026-09-02,Wed,101,101 Accessibility
2026-09-02,Wed,102,102 Colour/Mix/Online
2026-09-02,Wed,103,103 Conform
2026-09-02,Wed,104,104 IPL Due
2026-09-02,Wed,105,DOWN
2026-09-02,Wed,106,106 Edit Week 3
2026-09-02,Wed,107,107 Edit Week 2
2026-09-02,Wed,108,DOWN
2026-09-02,Wed,MISC NOTES,105 RC1 - History/Corus/Legal Notes Due
2026-09-02,Wed,MISC NOTES 5,Andrew off
2026-09-03,Thurs,AI ASSETS,106 2nd Delivery DUE
2026-09-03,Thurs,101,101 Accessibility
2026-09-03,Thurs,102,102 Colour/Mix/Online
2026-09-03,Thurs,103,103 Conform
2026-09-03,Thurs,104,104 Edit Week 9
2026-09-03,Thurs,105,DOWN
2026-09-03,Thurs,106,106 Edit Week 3
2026-09-03,Thurs,107,107 Edit Week 2
2026-09-03,Thurs,108,DOWN
2026-09-03,Thurs,MISC NOTES 5,Andrew off
2026-09-04,Fri,101,101 Delivery
2026-09-04,Fri,102,102 Colour/Mix/Online
2026-09-04,Fri,103,103 Conform
2026-09-04,Fri,104,104 PL Due
2026-09-04,Fri,105,DOWN
2026-09-04,Fri,106,106 Edit Week 4
2026-09-04,Fri,107,107 Edit Week 3
2026-09-04,Fri,108,DOWN
2026-09-04,Fri,MISC NOTES,104 PL Due
2026-09-04,Fri,MISC NOTES 5,Andrew off
2026-09-05,Sat,MISC NOTES 5,Andrew off
2026-09-06,Sun,MISC NOTES 5,Andrew off
2026-09-07,Mon,102,DOWN
2026-09-07,Mon,103,DOWN
2026-09-07,Mon,104,DOWN
2026-09-07,Mon,105,DOWN
2026-09-07,Mon,106,DOWN
2026-09-07,Mon,107,DOWN
2026-09-07,Mon,108,DOWN
2026-09-07,Mon,MISC NOTES,LABOUR DAY - CAN/USA
2026-09-07,Mon,MISC NOTES 5,Andrew off
2026-09-08,Tues,102,102 Colour/Mix/Online
2026-09-08,Tues,103,103 Conform
2026-09-08,Tues,104,DOWN
2026-09-08,Tues,105,105 Edit Week 7
2026-09-08,Tues,106,106 Edit Week 4
2026-09-08,Tues,107,107 Edit Week 3
2026-09-08,Tues,108,108 Edit Week 2
2026-09-08,Tues,MISC NOTES 5,Andrew off
2026-09-09,Wed,102,102 Colour/Mix/Online
2026-09-09,Wed,103,103 Conform
2026-09-09,Wed,104,DOWN
2026-09-09,Wed,105,105 Edit Week 7
2026-09-09,Wed,106,106 Edit Week 4
2026-09-09,Wed,107,107 Edit Week 3
2026-09-09,Wed,108,108 Edit Week 2
2026-09-10,Thurs,102,102 Colour/Mix/Online
2026-09-10,Thurs,103,103 Conform
2026-09-10,Thurs,104,104 VO
2026-09-10,Thurs,105,105 Edit Week 7
2026-09-10,Thurs,106,106 Edit Week 4
2026-09-10,Thurs,107,107 Edit Week 3
2026-09-10,Thurs,108,108 Edit Week 2
2026-09-11,Fri,102,Online/Colour Review QT (EOD)
2026-09-11,Fri,103,103 Conform
2026-09-11,Fri,104,DOWN
2026-09-11,Fri,105,105 Edit Week 7
2026-09-11,Fri,106,106 Edit Week 4
2026-09-11,Fri,107,107 Edit Week 3
2026-09-11,Fri,108,108 Edit Week 2
2026-09-12,Sat,105,105 Edit Week 7
2026-09-12,Sat,MISC NOTES 2,Tim Off
2026-09-13,Sun,MISC NOTES 2,Tim Off
2026-09-14,Mon,102,102 Colour/Mix/Online
2026-09-14,Mon,103,103 Colour/Mix/Online
2026-09-14,Mon,104,104 Conform
2026-09-14,Mon,105,105 Edit Week 8
2026-09-14,Mon,106,106 Edit Week 5
2026-09-14,Mon,107,107 Edit Week 4
2026-09-14,Mon,108,108 Edit Week 3
2026-09-14,Mon,MISC NOTES 2,Tim Off
2026-09-15,Tues,102,Online/Colour Review
2026-09-15,Tues,103,103 Colour/Mix/Online
2026-09-15,Tues,104,104 Conform
2026-09-15,Tues,105,105 Edit Week 8
2026-09-15,Tues,106,106 Edit Week 5
2026-09-15,Tues,107,107 Edit Week 4
2026-09-15,Tues,108,108 Edit Week 3
2026-09-15,Tues,MISC NOTES 2,Tim Off
2026-09-16,Wed,102,Mix Review QT (EOD)
2026-09-16,Wed,103,103 Colour/Mix/Online
2026-09-16,Wed,104,104 Conform
2026-09-16,Wed,105,105 IFC Due
2026-09-16,Wed,106,106 Edit Week 5
2026-09-16,Wed,107,107 Edit Week 4
2026-09-16,Wed,108,108 Edit Week 3
2026-09-16,Wed,MISC NOTES 2,Tim Off
2026-09-17,Thurs,AI ASSETS,107 2nd Delivery DUE
2026-09-17,Thurs,102,102 Colour/Mix/Online
2026-09-17,Thurs,103,103 Colour/Mix/Online
2026-09-17,Thurs,104,104 Conform
2026-09-17,Thurs,105,105 Edit Week 8
2026-09-17,Thurs,106,106 Edit Week 5
2026-09-17,Thurs,107,107 Edit Week 4
2026-09-17,Thurs,108,108 Edit Week 3
2026-09-17,Thurs,MISC NOTES 2,Tim Off
2026-09-18,Fri,102,Mix Review
2026-09-18,Fri,103,103 Colour/Mix/Online
2026-09-18,Fri,104,104 Conform
2026-09-18,Fri,105,105 FC Due
2026-09-18,Fri,106,106 Edit Week 5
2026-09-18,Fri,107,107 Edit Week 4
2026-09-18,Fri,108,108 Edit Week 3
2026-09-18,Fri,MISC NOTES,105 FC Due
2026-09-18,Fri,MISC NOTES 2,Tim Off
2026-09-19,Sat,MISC NOTES 2,Tim Off
2026-09-20,Sun,MISC NOTES 2,Tim Off / Jordana Off
2026-09-21,Mon,102,102 Accessibility
2026-09-21,Mon,103,103 Colour/Mix/Online
2026-09-21,Mon,104,104 Conform
2026-09-21,Mon,105,Sizzle
2026-09-21,Mon,106,106 Edit Week 6
2026-09-21,Mon,107,107 Edit Week 5
2026-09-21,Mon,108,108 Edit Week 4
2026-09-22,Tues,102,102 Accessibility
2026-09-22,Tues,103,103 Colour/Mix/Online
2026-09-22,Tues,104,104 Conform
2026-09-22,Tues,105,Sizzle
2026-09-22,Tues,106,106 IRC1 Due
2026-09-22,Tues,107,107 Edit Week 5
2026-09-22,Tues,108,108 Edit Week 4
2026-09-23,Wed,102,102 Accessibility
2026-09-23,Wed,103,103 Colour/Mix/Online
2026-09-23,Wed,104,104 Conform
2026-09-23,Wed,105,Sizzle
2026-09-23,Wed,106,106 Edit Week 6
2026-09-23,Wed,107,107 Edit Week 5
2026-09-23,Wed,108,108 Edit Week 4
2026-09-23,Wed,MISC NOTES,105 FC - History/Corus/Legal Notes Due
2026-09-23,Wed,MISC NOTES 2,Jordana Off
2026-09-24,Thurs,AI ASSETS,108 2nd Delivery DUE
2026-09-24,Thurs,102,102 Accessibility
2026-09-24,Thurs,103,103 Colour/Mix/Online
2026-09-24,Thurs,104,104 Conform
2026-09-24,Thurs,105,105 VO
2026-09-24,Thurs,106,106 Edit Week 6
2026-09-24,Thurs,107,107 Edit Week 5
2026-09-24,Thurs,108,108 Edit Week 4
2026-09-24,Thurs,MISC NOTES 2,Jordana Off
2026-09-25,Fri,102,102 Delivery
2026-09-25,Fri,103,Online/Colour Review QT (EOD)
2026-09-25,Fri,104,104 Conform
2026-09-25,Fri,105,DOWN
2026-09-25,Fri,106,106 RC Due
2026-09-25,Fri,107,107 Edit Week 5
2026-09-25,Fri,108,108 Edit Week 4
2026-09-25,Fri,MISC NOTES,106 RC Due
2026-09-25,Fri,MISC NOTES 2,Jordana Off
2026-09-26,Sat,MISC NOTES 2,Jordana Off
2026-09-27,Sun,MISC NOTES 2,Jordana Off
2026-09-28,Mon,103,103 Colour/Mix/Online
2026-09-28,Mon,104,104 Colour/Mix/Online
2026-09-28,Mon,105,105 Edit Week 9
2026-09-28,Mon,106,DOWN
2026-09-28,Mon,107,107 Edit Week 6
2026-09-28,Mon,108,108 Edit Week 5
2026-09-28,Mon,MISC NOTES 2,Jordana Off
2026-09-29,Tues,103,Online/Colour Review
2026-09-29,Tues,104,104 Colour/Mix/Online
2026-09-29,Tues,105,105 Edit Week 9
2026-09-29,Tues,106,DOWN
2026-09-29,Tues,107,107 IRC1 Due
2026-09-29,Tues,108,108 Edit Week 5
2026-09-29,Tues,MISC NOTES 2,Jordana Off
2026-09-30,Wed,103,Mix Review QT (EOD)
2026-09-30,Wed,104,104 Colour/Mix/Online
2026-09-30,Wed,105,105 IPL Due
2026-09-30,Wed,106,DOWN
2026-09-30,Wed,107,107 Edit Week 6
2026-09-30,Wed,108,108 Edit Week 5
2026-09-30,Wed,MISC NOTES,106 RC - History/Corus/Legal Notes Due
2026-10-01,Thurs,103,103 Colour/Mix/Online
2026-10-01,Thurs,104,104 Colour/Mix/Online
2026-10-01,Thurs,105,105 Edit Week 9
2026-10-01,Thurs,106,DOWN
2026-10-01,Thurs,107,107 Edit Week 6
2026-10-01,Thurs,108,108 Edit Week 5
2026-10-02,Fri,103,Mix Review
2026-10-02,Fri,104,104 Colour/Mix/Online
2026-10-02,Fri,105,105 PL Due
2026-10-02,Fri,106,106 Edit Week 7
2026-10-02,Fri,107,107 RC Due
2026-10-02,Fri,108,108 Edit Week 5
2026-10-02,Fri,MISC NOTES,105 PL Due & 107 RC Due
2026-10-05,Mon,103,103 Accessibility
2026-10-05,Mon,104,104 Colour/Mix/Online
2026-10-05,Mon,105,Sizzle
2026-10-05,Mon,106,106 Edit Week 7
2026-10-05,Mon,107,DOWN
2026-10-05,Mon,108,108 Edit Week 6
2026-10-06,Tues,103,103 Accessibility
2026-10-06,Tues,104,104 Colour/Mix/Online
2026-10-06,Tues,105,Sizzle
2026-10-06,Tues,106,106 Edit Week 7
2026-10-06,Tues,107,DOWN
2026-10-06,Tues,108,108 IRC1 Due
2026-10-07,Wed,103,103 Accessibility
2026-10-07,Wed,104,104 Colour/Mix/Online
2026-10-07,Wed,105,105 Conform
2026-10-07,Wed,106,106 Edit Week 7
2026-10-07,Wed,107,DOWN
2026-10-07,Wed,108,108 Edit Week 6
2026-10-07,Wed,MISC NOTES,107 RC - History/Corus/Legal Notes Due
2026-10-08,Thurs,103,103 Accessibility
2026-10-08,Thurs,104,Online/Colour Review QT (EOD)
2026-10-08,Thurs,105,105 Conform
2026-10-08,Thurs,106,106 Edit Week 7
2026-10-08,Thurs,107,107 Edit Prep
2026-10-08,Thurs,108,108 Edit Week 6
2026-10-09,Fri,103,103 Delivery
2026-10-09,Fri,104,104 Colour/Mix/Online
2026-10-09,Fri,105,105 Conform
2026-10-09,Fri,106,106 Edit Week 8
2026-10-09,Fri,107,107 Edit Prep
2026-10-09,Fri,108,108 RC Due
2026-10-09,Fri,MISC NOTES,108 RC Due
2026-10-12,Mon,104,DOWN
2026-10-12,Mon,105,DOWN
2026-10-12,Mon,106,DOWN
2026-10-12,Mon,107,DOWN
2026-10-12,Mon,108,DOWN
2026-10-12,Mon,MISC NOTES,THANKSGIVING/COLUBMUS DAY
2026-10-13,Tues,104,Online/Colour Review
2026-10-13,Tues,105,105 Conform
2026-10-13,Tues,106,106 Edit Week 8
2026-10-13,Tues,107,107 Edit Week 7
2026-10-13,Tues,108,DOWN
2026-10-14,Wed,104,Mix Review QT (EOD)
2026-10-14,Wed,105,105 Conform
2026-10-14,Wed,106,106 IFC Due
2026-10-14,Wed,107,107 Edit Week 7
2026-10-14,Wed,108,DOWN
2026-10-14,Wed,MISC NOTES,108 RC - History/Corus/Legal Notes Due
2026-10-15,Thurs,104,104 Colour/Mix/Online
2026-10-15,Thurs,105,105 Colour/Mix/Online
2026-10-15,Thurs,106,106 Edit Week 8
2026-10-15,Thurs,107,107 Edit Week 7
2026-10-15,Thurs,108,108 Edit Prep
2026-10-16,Fri,104,Mix Review
2026-10-16,Fri,105,105 Colour/Mix/Online
2026-10-16,Fri,106,106 FC Due
2026-10-16,Fri,107,107 Edit Week 7
2026-10-16,Fri,108,108 Edit Prep
2026-10-16,Fri,MISC NOTES,106 FC Due
2026-10-16,Fri,MISC NOTES 2,Hugh Hardy Wrap
2026-10-17,Sat,107,107 Edit Week 7
2026-10-19,Mon,SHOOT DAYS,Director Prep
2026-10-19,Mon,104,104 Accessibility
2026-10-19,Mon,105,105 Colour/Mix/Online
2026-10-19,Mon,106,DOWN
2026-10-19,Mon,107,107 Edit Week 8
2026-10-19,Mon,108,108 Edit Week 7
2026-10-20,Tues,SHOOT DAYS,Pickups
2026-10-20,Tues,104,104 Accessibility
2026-10-20,Tues,105,Online/Colour Review QT (EOD)
2026-10-20,Tues,106,DOWN
2026-10-20,Tues,107,107 Edit Week 8
2026-10-20,Tues,108,108 Edit Week 7
2026-10-21,Wed,104,104 Accessibility
2026-10-21,Wed,105,Online/Colour Review?
2026-10-21,Wed,106,DOWN
2026-10-21,Wed,107,107 IFC Due
2026-10-21,Wed,108,108 Edit Week 7
2026-10-21,Wed,MISC NOTES,106 FC - History/Corus/Legal Notes Due
2026-10-22,Thurs,104,104 Accessibility
2026-10-22,Thurs,105,Mix Review QT (EOD)
2026-10-22,Thurs,106,106 VO
2026-10-22,Thurs,107,107 Edit Week 8
2026-10-22,Thurs,108,108 Edit Week 7
2026-10-23,Fri,104,104 Delivery
2026-10-23,Fri,105,Mix Review
2026-10-23,Fri,106,DOWN
2026-10-23,Fri,107,107 FC Due
2026-10-23,Fri,108,108 Edit Week 7
2026-10-23,Fri,MISC NOTES,107 FC Due
2026-10-23,Fri,MISC NOTES 2,Brooks Gray Wrap
2026-10-26,Mon,105,105 Accessibility
2026-10-26,Mon,106,106 Edit Week 9
2026-10-26,Mon,107,DOWN
2026-10-26,Mon,108,108 Edit Week 8
2026-10-27,Tues,105,105 Accessibility
2026-10-27,Tues,106,106 Edit Week 9
2026-10-27,Tues,107,DOWN
2026-10-27,Tues,108,108 Edit Week 8
2026-10-28,Wed,105,105 Accessibility
2026-10-28,Wed,106,106 IPL Due
2026-10-28,Wed,107,DOWN
2026-10-28,Wed,108,108 IFC Due
2026-10-28,Wed,MISC NOTES,107 FC - History/Corus/Legal Notes Due
2026-10-29,Thurs,105,105 Accessibility
2026-10-29,Thurs,106,106 Edit Week 9
2026-10-29,Thurs,107,107 VO
2026-10-29,Thurs,108,108 Edit Week 8
2026-10-30,Fri,105,105 Delivery
2026-10-30,Fri,106,106 PL Due
2026-10-30,Fri,107,DOWN
2026-10-30,Fri,108,108 FC Due
2026-10-30,Fri,MISC NOTES,106 PL Due & 108 FC Due
2026-10-30,Fri,MISC NOTES 2,Lara Wrap
2026-11-02,Mon,106,106 Conform
2026-11-02,Mon,107,107 Edit Week 9
2026-11-02,Mon,108,DOWN
2026-11-03,Tues,106,106 Conform
2026-11-03,Tues,107,107 Edit Week 9
2026-11-03,Tues,108,DOWN
2026-11-04,Wed,106,106 Conform
2026-11-04,Wed,107,107 IPL Due
2026-11-04,Wed,108,DOWN
2026-11-04,Wed,MISC NOTES,108 FC - History/Corus/Legal Notes Due
2026-11-05,Thurs,106,106 Conform
2026-11-05,Thurs,107,107 Edit Week 9
2026-11-05,Thurs,108,108 VO
2026-11-06,Fri,106,106 Conform
2026-11-06,Fri,107,107 PL Due
2026-11-06,Fri,108,DOWN
2026-11-06,Fri,MISC NOTES,107 PL Due
2026-11-09,Mon,106,106 Conform
2026-11-09,Mon,107,107 Conform
2026-11-09,Mon,108,108 Edit Week 9
2026-11-10,Tues,106,106 Conform
2026-11-10,Tues,107,107 Conform
2026-11-10,Tues,108,108 Edit Week 9
2026-11-11,Wed,106,106 Conform
2026-11-11,Wed,107,107 Conform
2026-11-11,Wed,108,108 IPL Due
2026-11-11,Wed,MISC NOTES,VETERANS DAY - USA
2026-11-12,Thurs,106,106 Conform
2026-11-12,Thurs,107,107 Conform
2026-11-12,Thurs,108,108 Edit Week 9
2026-11-13,Fri,106,106 Conform
2026-11-13,Fri,107,107 Conform
2026-11-13,Fri,108,108 PL Due
2026-11-13,Fri,MISC NOTES,108 PL Due
2026-11-16,Mon,106,106 Colour/Mix/Online
2026-11-16,Mon,107,107 Conform
2026-11-16,Mon,108,108 Conform
2026-11-17,Tues,106,106 Colour/Mix/Online
2026-11-17,Tues,107,107 Conform
2026-11-17,Tues,108,108 Conform
2026-11-18,Wed,106,106 Colour/Mix/Online
2026-11-18,Wed,107,107 Conform
2026-11-18,Wed,108,108 Conform
2026-11-19,Thurs,106,106 Colour/Mix/Online
2026-11-19,Thurs,107,107 Conform
2026-11-19,Thurs,108,108 Conform
2026-11-20,Fri,106,Online/Colour Review QT (EOD)
2026-11-20,Fri,107,107 Conform
2026-11-20,Fri,108,108 Conform
2026-11-23,Mon,106,106 Colour/Mix/Online
2026-11-23,Mon,107,107 Colour/Mix/Online
2026-11-23,Mon,108,108 Conform
2026-11-24,Tues,106,Online/Colour Review
2026-11-24,Tues,107,107 Colour/Mix/Online
2026-11-24,Tues,108,108 Conform
2026-11-25,Wed,106,Mix Review QT (EOD)
2026-11-25,Wed,107,107 Colour/Mix/Online
2026-11-25,Wed,108,108 Conform
2026-11-26,Thurs,106,106 Colour/Mix/Online
2026-11-26,Thurs,107,107 Colour/Mix/Online
2026-11-26,Thurs,108,108 Conform
2026-11-26,Thurs,MISC NOTES,THANKSGIVING - USA
2026-11-27,Fri,106,Mix Review
2026-11-27,Fri,107,Online/Colour Review QT (EOD)
2026-11-27,Fri,108,108 Conform
2026-11-30,Mon,106,106 Accessibility
2026-11-30,Mon,107,107 Colour/Mix/Online
2026-11-30,Mon,108,108 Colour/Mix/Online
2026-12-01,Tues,106,106 Accessibility
2026-12-01,Tues,107,Online/Colour Review
2026-12-01,Tues,108,108 Colour/Mix/Online
2026-12-02,Wed,106,106 Accessibility
2026-12-02,Wed,107,Mix Review QT (EOD)
2026-12-02,Wed,108,108 Colour/Mix/Online
2026-12-03,Thurs,106,106 Accessibility
2026-12-03,Thurs,107,107 Colour/Mix/Online
2026-12-03,Thurs,108,108 Colour/Mix/Online
2026-12-04,Fri,106,106 Delivery
2026-12-04,Fri,107,Mix Review
2026-12-04,Fri,108,Online/Colour Review QT (EOD)
2026-12-07,Mon,107,107 Accessibility
2026-12-07,Mon,108,108 Colour/Mix/Online
2026-12-08,Tues,107,107 Accessibility
2026-12-08,Tues,108,Online/Colour Review
2026-12-09,Wed,107,107 Accessibility
2026-12-09,Wed,108,Mix Review QT (EOD)
2026-12-10,Thurs,107,107 Accessibility
2026-12-10,Thurs,108,108 Colour/Mix/Online
2026-12-11,Fri,107,107 Delivery
2026-12-11,Fri,108,Mix Review
2026-12-14,Mon,108,108 Accessibility
2026-12-15,Tues,108,108 Accessibility
2026-12-16,Wed,108,108 Accessibility
2026-12-17,Thurs,108,108 Accessibility
2026-12-18,Fri,108,108 Delivery
