Story,Story Code,Episode,Location,Year,Researcher,Status,Shotcodes,Sent to Cream,Clips Generated,Re-spins
UPS Airlines Flight 2976,2976,,"Louisville, KY, USA",2025,BETTY,APPROVED,0,0,0,0
Air France Flight 447,447,101,Atlantic Ocean,2009,BETTY,APPROVED,54,47,470,175
American Airlines Flight 191,AA191,103,"Chicago, Illinois, USA",1979,ANDREW,APPROVED,41,19,62,2
Alaska Airlines Flight 261,AA261,,"Pacific Ocean, off the coast of Anacapa Island, CA, USA",2000,ANDREW,MAYBE,0,0,0,0
Air Canada 797,AC797,,"Cincinnati, USA",1983,ANDREW,Pitch #9,0,0,0,0
Air Florida Flight 90 Crash,AF90,107,"Potomac River, Washington, DC, USA",1982,ANDREW,APPROVED,9,0,0,0
Ahr River Flooding,ARF,104,"Ahr River Valley, Germany",2021,STEPH,APPROVED,17,8,54,0
Ashtabula River Railroad Disaster,ARR,107,"Ashtabula, OH, USA",1876,ANDREW,APPROVED,17,0,0,0
Baltimore Bridge Collapse,BBC,108,"Baltimore, USA",2024,BETTY,APPROVED,28,0,0,0
Baldwin Hills Dam,BHD,108,Los Angeles,1963,STEPH,APPROVED,20,0,0,0
Boston Molasses Flood,BMF,102,"Boston, Massachusetts, USA",1919,STEPH,APPROVED,28,28,186,99
Beirut Port Explosion,BPE,108,"Beirut, Lebanon",2020,STEPH,APPROVED,19,0,0,0
Black Saturday Bushfires,BSB,,"Victoria, Australia",2009,BETTY,APPROVED,0,0,0,0
Cleveland Balloon Release,CBR,,"Ohio, USA",1986,STEPH,MAYBE,0,0,0,0
Concorde Crash,CCR,,"Gonesse, France",2000,ANDREW,APPROVED,0,0,0,0
Costa Concordia Ship Capsize,CCS,103,Italy,2012,BETTY,APPROVED,68,67,218,0
Connaught Creek Valley Avalanche,CCV,,"Revelstoke, BC, Canada",2003,ANDREW,Pitch #9,0,0,0,0
Chicago Fire,CFI,,"Chicago, IL, USA",1871,BETTY,PASS,0,0,0,0
China Floods,CHF,101,"Wuhan (Yangtze River), China",1931,ANDREW,APPROVED,16,13,302,60
Chernobyl Nuclear Disaster,CND,,"Pripiyat, Ukrainian SSR, USSR",1986,ANDREW,APPROVED,0,0,0,0
European Windstorm Lothar,ERL,,Western Europe,1999,ANDREW,Pitch #9,0,0,0,0
Exxon Valdez Oil Spill,EVO,,"Alaska, USA",1989,BETTY,APPROVED,0,0,0,0
Fukushima Nuclear Disaster,FDN,101,Japan,2011,BETTY,APPROVED,52,46,622,295
Fort McMurray Forest Fire,FMF,105,"Fort McMurray, Alberta, Canada",2016,STEPH,APPROVED,67,0,0,0
FIU Pedestrian Bridge Collapse,FPB,,"Florida, USA",2018,ANDREW,Pitch #9,0,0,0,0
Guatemala City Sinkhole,GCS,106,"Guatemala City, Guatemala",2010,STEPH,APPROVED,10,0,0,0
Great Galveston Hurricane,GGH,,"Texas, USA",1900,BETTY,APPROVED,0,0,0,0
Great Smog of London,GSL,108,"London, UK",1952,ANDREW,APPROVED,16,0,0,0
Hindenburg,HIN,101,"Lakehurst, NJ",1937,BEATA,APPROVED,19,18,126,77
Hurricane Katrina,HKA,102,"New Orleans, USA",2005,BETTY,APPROVED,16,14,84,40
Halifax Mont-Blanc Explosion,HMB,103,"Nova Scotia, Canada",1917,BETTY,APPROVED,43,32,179,0
Hyatt Regency Walkway Collapse,HRW,108,"Missouri, USA",1981,BEATA,APPROVED,21,0,0,0
Hurricane Sandy,HSA,105,"New York, USA",2012,BETTY,APPROVED,30,23,46,0
Imperial Sugar Explosion,ISE,107,"Port Wentworth, Georgia, USA",2008,BETTY,APPROVED,12,0,0,0
Korean Air Lines Flight 007,KAL007,104,"Sea of Japan, near Moneron Island, USSR",1983,ANDREW,APPROVED,46,35,138,42
Krakatoa Eruption,KAR,102,"Sunda Strait, Netherlands East Indies (Indonesia)",1883,ANDREW,APPROVED,22,16,67,6
London Beer Flood,LBF,106,"London, England",1814,ANDREW,Pitch #10,9,0,0,0
Lac-Megantic Rail Disaster,LMR,103,"Quebec, Canada",2013,BETTY,APPROVED,74,55,294,81
Lake Nyos Disaster ,LND,105,"Northwest Region, Cameroon",1986,STEPH,APPROVED,23,0,0,0
Loma Prieta Earthquake,LPE,102,"San Francisco Bay Area, California, USA",1989,STEPH,APPROVED,31,31,162,43
Morandi Bridge Collapse,MBC,106,"Genoa, Italy",2018,ANDREW,APPROVED,18,0,0,0
Mount Pelee Eruption,MPM,,"Saint-Pierre, Martinique",1902,BETTY,APPROVED,0,0,0,0
I-35 Mississippi River Bridge Collapse,MRB,104,"Minneapolis, Minnesota",2007,BEATA,APPROVED,41,11,56,22
Mindbender Roller Coaster Crash,MRC,107,"Edmonton, AB, Canada",1986,ANDREW,APPROVED,8,0,0,0
Mount St. Helens Eruption,MSH,101,"Washington, USA",1980,ANDREW,APPROVED,18,18,216,112
Mount Unzen Pyroclastic Flow,MUP,,"Kyushu, Japan",1991,STEPH,APPROVED,0,0,0,0
Mount Vesuvius Eruption,MVE,104,"Pompeii/Herculaneum, Italy",79 AD,BETTY,APPROVED,25,0,0,0
Nedelin Catastrophe,NCA,107,Kazakh Soviet Socialist Republic ,1960,STEPH,APPROVED,7,0,0,0
Nevado del Ruiz Eruption,NDR,,"Armero, Colombia",1985,STEPH,APPROVED,0,0,0,0
Northridge Earthquake,NEA,,Los Angeles,1994,ANDREW,APPROVED,0,0,0,0
Ocean Ranger,ORA,104,"Newfoundland, Canada",1982,STEPH,APPROVED,62,35,90,0
OceanGate Titan Implosion,OTI,102,"North Atlantic (near the wreckage of the Titanic, off the coast of Newfoundland, Canada)",2023,STEPH,APPROVED,40,40,285,132
Piper Alpha Oil Rig Disaster,PAO,102,"North Sea, UK",1988,BEATA,APPROVED,51,48,196,69
Pearson Delta Airlines 4819 crash,PDA,,"Toronto, Canada",2025,BETTY,APPROVED,0,0,0,0
Peshtigo Firestorm,PFS,103,"Peshtigo, Wisconsin, USA",1871,ANDREW,APPROVED,29,27,32,0
Potomac Midair Collision,PMC,,"Potomac River, Washington D.C.",2025,ANDREW,APPROVED,0,0,0,0
Quebec Ice Storm,QIS,105,"Montreal, Quebec, Canada",1998,ANDREW,APPROVED,23,22,107,0
Rogers Pass Avalanche,RPA,106,"Revelstoke, BC, Canada",1910,ANDREW,Pitch #9,13,0,0,0
Red River Flood,RRF,,Manitoba,1997,STEPH,Pitch #9,0,0,0,0
Swiss Air 111,SA111,108,"Peggys Cove, NS, Canada",1998,ANDREW,APPROVED,28,0,0,0
San Bruno Pipeline Explosion,SBP,106,"San Bruno, California, USA",2010,STEPH,APPROVED,15,0,0,0
Surfside Condo Collapse,SCC,106,"Miami, Florida",2021,BETTY,APPROVED,21,0,0,0
Sampoong Department Store Collapse,SDS,103,"Seoul, South Korea",1995,BEATA,APPROVED,52,35,172,88
Sewol Ferry Disaster,SFD,107,"Jeju Strait, off the coast of Donggeochado, South Korea",2014,ANDREW,APPROVED,11,1,6,0
San Juanico LPG Explosion,SJE,103,"Mexico City, Mexico",1984,STEPH,APPROVED,26,23,93,29
Sago Mine,SMI,104,"Sago, West Virginia, USA",2006,STEPH,APPROVED,35,26,73,0
San Francisco Earthquake,SNF,101,"San Francisco, California, USA",1906,ANDREW,APPROVED,4,0,0,0
Super Tornado,STO,105,USA,2011,ANDREW,APPROVED,3,0,0,0
Tenerife Airport Disaster,TAD,102,"Tenerife, Canary Islands, Spain",1977,ANDREW,APPROVED,26,25,183,112
Texas Power Grid Failure,TPG,,"Texas, USA",2021,ANDREW,Pitch #9,0,0,0,0
Triangle Shirtwaist Factory,TSF,104,"New York, USA",1911,ANDREW,APPROVED,82,76,213,45
Townsend Thoresen Ferry Disaster,TTF,,"Zeebrugge, Belgium",1987,ANDREW,APPROVED,0,0,0,0
Texas City Disaster,TXC,101,"Texas City, USA",1947,BETTY,APPROVED,20,18,160,93
United Airlines Flight 232,UA232,106,"Sioux City, Iowa, USA",1989,ANDREW,APPROVED,24,0,0,0
Vajont Dam Disaster,VDD,105,"Piave Valley, Italy",1963,STEPH,APPROVED,70,29,116,0
102 - UNDER PRESSURE,,,,,,,37,9,0,0
1258947057,,,,,,,37,9,0,0
1271055890,,,,,,,37,9,0,0
1500619662,,,,,,,37,9,0,0
2218962097,,,,,,,37,9,0,0
Armagh rail disaster,,,"Armagh, Ireland ",1889,BETTY,Pitch #10,37,9,0,0
CTD_ARCH_NHK_FDN_Screener06.mov,,,,,,,37,9,0,0
CTD_ARCH_PTC_TXC_PortPreBlast,,,,,,,37,9,0,0
Courrières mine disaster,,,Northern France,1906,,Pitch #10,37,9,0,0
Delft Thunderclap,,,"Delft, Netherlands",1654,,Pitch #10,37,9,0,0
El Reno Tornado,,,"Oklahoma, USA",2013,,,37,9,0,0
First Air Flight 6560,,,"Resolute, NU, Canada",2011,,,37,9,0,0
Fox Vault Fire,,,"Little Ferry, New Jersey, USA",1937,,Pitch #10,37,9,0,0
Great Fire of Meireki,,,"Edo, Japan (Modern Day Tokyo)",1657,,Pitch #10,37,9,0,0
Great Fire of Rome,,,"Rome, Italy",64 AD,,Pitch #10,37,9,0,0
Grover Shoe Factory Disaster,,,"Brockton, Massachusetts, USA",1905,ANDREW,Pitch #10,37,9,0,0
Heppner Flash Flood,,," Heppner, Oregon, USA",1903,,Pitch #10,37,9,0,0
Iroquois Theatre Fire,,,"Chicago, IL, USA",1903,ANDREW,Pitch #10,37,9,0,0
Montparnasse Derailment,,,"Paris, France",1895,ANDREW,Pitch #10,37,9,0,0
Mount Tambora Eruption and the Year Without Summer,,," Sumbawa, Indonesia",1815,,Pitch #10,37,9,0,0
Nanaimo Mine Explosion,,,"Nanaimo, BC, Canada",1887,,,37,9,0,0
PS General Slocum Disaster,,,"Brooklyn, NY, USA",1904,ANDREW,Pitch #10,37,9,0,0
Pacific Western Airlines Flight 314,,,"Cranbrook, BC, Canada",1978,,,37,9,0,0
SS Eastland,,,"Chicago, IL, USA",1915,BETTY,Pitch #10,37,9,0,0
SS Sultana Steamboat Disaster,,,Mississippi River,1865,BETTY,Pitch #10,37,9,0,0
Saigon,,,,,,,37,9,0,0
Saigon Mine,,,,,,,37,9,0,0
Schoolhouse Blizzard,,,"Great Plains, USA",1888,BETTY,Pitch #10,37,9,0,0
Senghenydd Colliery Disaster,,,"Senghenydd, Wales, UK",1913,,Pitch #10,37,9,0,0
Shaanxi Earthquake ,,,"Shaanxi, China",1556,,Pitch #10,37,9,0,0
Snowmageddon Newfoundland,,,"Newfoundland, Canada",2020,,,37,9,0,0
Springhill Mining Disasters,,," Cumberland County, Nova Scotia",1958,,Pitch #10,37,9,0,0
Versailles Rail Accident,,,"Meudon, France",1842,ANDREW,Pitch #10,37,9,0,0
Victoria Hall Disaster,,,"Sunderland, England",1883,,Pitch #10,37,9,0,0
West Fertilizer Explosion,,,"Texas, USA",2013,,PASS,37,9,0,0
White Friday (Avalanche),,,"Mount Marmolada, Northern Italy",1916,,Pitch #10,37,9,0,0
https://www.pond5.com/stock-footage/item/258200261-aerial-drone-footage-over-train-tracks-drummondville-quebec,,,,,,,37,9,0,0
